disease,scheme,year,std_UCF,CI_lo,CI_hi,variance,effective_weight_sum,supported_cells
I21,own_disease_2018_2024_age_sex_mention_distribution,1999,0.8316807928063278,0.8301236722529566,0.833237913359699,6.311496297717409e-07,1.0,14
I21,own_disease_2018_2024_age_sex_mention_distribution,2000,0.8237643771658404,0.8221594757442284,0.8253692785874523,6.704780750447552e-07,1.0,14
I21,own_disease_2018_2024_age_sex_mention_distribution,2001,0.8162775194278633,0.8146117327075045,0.8179433061482221,7.223150243969864e-07,1.0,14
I21,own_disease_2018_2024_age_sex_mention_distribution,2002,0.808654961592188,0.806951810326776,0.8103581128576,7.550823180118427e-07,1.0,14
I21,own_disease_2018_2024_age_sex_mention_distribution,2003,0.8025502182511277,0.8007896285007116,0.8043108080015439,8.068711654702703e-07,1.0,14
I21,own_disease_2018_2024_age_sex_mention_distribution,2004,0.7969639093816483,0.7951200735928419,0.7988077451704547,8.849777218043561e-07,1.0,14
I21,own_disease_2018_2024_age_sex_mention_distribution,2005,0.7878223001918399,0.7859231513644989,0.7897214490191808,9.388708528713911e-07,1.0,14
I21,own_disease_2018_2024_age_sex_mention_distribution,2006,0.7793604553430239,0.777389834105426,0.7813310765806218,1.0108673630966448e-06,1.0,14
I21,own_disease_2018_2024_age_sex_mention_distribution,2007,0.76743078621742,0.76537920195985,0.76948237047499,1.0956367049950931e-06,1.0,14
I21,own_disease_2018_2024_age_sex_mention_distribution,2008,0.7711138381581659,0.7690741627434486,0.7731535135728832,1.0829539247714441e-06,1.0,14
I21,own_disease_2018_2024_age_sex_mention_distribution,2009,0.7690448900625452,0.7669483356285213,0.7711414444965691,1.1441952558374958e-06,1.0,14
I21,own_disease_2018_2024_age_sex_mention_distribution,2010,0.7642021782437218,0.762067905012017,0.7663364514754266,1.1857356902258893e-06,1.0,14
I21,own_disease_2018_2024_age_sex_mention_distribution,2011,0.7599518425082071,0.7577956424908979,0.7621080425255163,1.2102245196387276e-06,1.0,14
I21,own_disease_2018_2024_age_sex_mention_distribution,2012,0.7600797364142884,0.757912318427663,0.7622471544009137,1.2228500439262247e-06,1.0,14
I21,own_disease_2018_2024_age_sex_mention_distribution,2013,0.7590875442109069,0.7569170720206243,0.7612580164011894,1.2262988152826566e-06,1.0,14
I21,own_disease_2018_2024_age_sex_mention_distribution,2014,0.7548769131613847,0.752683147824817,0.7570706784979524,1.2527609204305443e-06,1.0,14
I21,own_disease_2018_2024_age_sex_mention_distribution,2015,0.7490155757664412,0.7468165839322899,0.7512145676005925,1.2587372674572658e-06,1.0,14
I21,own_disease_2018_2024_age_sex_mention_distribution,2016,0.7456939321294396,0.7434760306941625,0.7479118335647167,1.2804786486370451e-06,1.0,14
I21,own_disease_2018_2024_age_sex_mention_distribution,2017,0.739293239290058,0.7370563608575469,0.741530117722569,1.3024846735300434e-06,1.0,14
I21,own_disease_2018_2024_age_sex_mention_distribution,2018,0.7330770099100993,0.7308182335795212,0.7353357862406773,1.3281108162170906e-06,1.0,14
I21,own_disease_2018_2024_age_sex_mention_distribution,2019,0.7232558455719321,0.7209440214239166,0.7255676697199477,1.3912252424374375e-06,1.0,14
I21,own_disease_2018_2024_age_sex_mention_distribution,2020,0.6879603084621557,0.6856828182737903,0.6902377986505212,1.3502086521503287e-06,1.0,14
I21,own_disease_2018_2024_age_sex_mention_distribution,2021,0.672730705149341,0.6704505502579702,0.6750108600407118,1.3533700355690038e-06,1.0,14
I21,own_disease_2018_2024_age_sex_mention_distribution,2022,0.6873153859255753,0.6849815323025723,0.6896492395485783,1.4178656636828183e-06,1.0,14
I21,own_disease_2018_2024_age_sex_mention_distribution,2023,0.6957352523477979,0.6932765172159816,0.6981939874796141,1.5736616119397276e-06,1.0,14
I21,own_disease_2018_2024_age_sex_mention_distribution,2024,0.696630310810802,0.6941290909151238,0.6991315307064802,1.6285144123637055e-06,1.0,14
C18,own_disease_2018_2024_age_sex_mention_distribution,1999,0.8422519399784364,0.8393612741167038,0.845142605840169,2.175122116874838e-06,1.0,14
C18,own_disease_2018_2024_age_sex_mention_distribution,2000,0.84384445608449,0.8409909235018004,0.8466979886671796,2.1195981363159793e-06,1.0,14
C18,own_disease_2018_2024_age_sex_mention_distribution,2001,0.8450140753122427,0.8421415466602168,0.8478866039642686,2.1479125512051875e-06,1.0,14
C18,own_disease_2018_2024_age_sex_mention_distribution,2002,0.8424621248781196,0.8395662693675084,0.8453579803887307,2.1829391759519124e-06,1.0,14
C18,own_disease_2018_2024_age_sex_mention_distribution,2003,0.8465784288347165,0.843685289528104,0.849471568141329,2.178846066083464e-06,1.0,14
C18,own_disease_2018_2024_age_sex_mention_distribution,2004,0.848383911020209,0.8454319747992977,0.8513358472411204,2.2683068128719278e-06,1.0,14
C18,own_disease_2018_2024_age_sex_mention_distribution,2005,0.8451957633907468,0.8422124837749628,0.8481790430065307,2.316731899716676e-06,1.0,14
C18,own_disease_2018_2024_age_sex_mention_distribution,2006,0.8475289681768452,0.84455939321302,0.8504985431406704,2.295495487759688e-06,1.0,14
C18,own_disease_2018_2024_age_sex_mention_distribution,2007,0.8507348190221812,0.8477813109423027,0.8536883271020597,2.2707231304423477e-06,1.0,14
C18,own_disease_2018_2024_age_sex_mention_distribution,2008,0.8523014747033462,0.8493280691803298,0.8552748802263626,2.301421388042573e-06,1.0,14
C18,own_disease_2018_2024_age_sex_mention_distribution,2009,0.8529557313728955,0.8499381152765053,0.8559733474692857,2.370368311430888e-06,1.0,14
C18,own_disease_2018_2024_age_sex_mention_distribution,2010,0.8573027223563203,0.8543114077365815,0.8602940369760591,2.329228226328409e-06,1.0,14
C18,own_disease_2018_2024_age_sex_mention_distribution,2011,0.8571802714679639,0.8541777101949672,0.8601828327409606,2.3467758741408515e-06,1.0,14
C18,own_disease_2018_2024_age_sex_mention_distribution,2012,0.8594826770842954,0.8564772648913838,0.862488089277207,2.3512344984647217e-06,1.0,14
C18,own_disease_2018_2024_age_sex_mention_distribution,2013,0.8608820477490073,0.857879646965986,0.8638844485320287,2.3465250056975514e-06,1.0,14
C18,own_disease_2018_2024_age_sex_mention_distribution,2014,0.8660715405007257,0.8630907330209086,0.8690523479805428,2.312893906636111e-06,1.0,14
C18,own_disease_2018_2024_age_sex_mention_distribution,2015,0.8680426024024364,0.8650951449481337,0.870990059856739,2.261428947554269e-06,1.0,14
C18,own_disease_2018_2024_age_sex_mention_distribution,2016,0.8663605029194917,0.8633724363886073,0.8693485694503762,2.324172634577188e-06,1.0,14
C18,own_disease_2018_2024_age_sex_mention_distribution,2017,0.8667644563741336,0.8637835170928537,0.8697453956554134,2.313098448218825e-06,1.0,14
C18,own_disease_2018_2024_age_sex_mention_distribution,2018,0.8618662107425231,0.8588319142799211,0.8649005072051251,2.3966459347560498e-06,1.0,14
C18,own_disease_2018_2024_age_sex_mention_distribution,2019,0.8602173096291184,0.8571499336556848,0.8632846856025519,2.449186631194599e-06,1.0,14
C18,own_disease_2018_2024_age_sex_mention_distribution,2020,0.8370243171257763,0.8337736947560955,0.8402749394954571,2.750558566813062e-06,1.0,14
C18,own_disease_2018_2024_age_sex_mention_distribution,2021,0.837499557375047,0.834246129091778,0.840752985658316,2.7553091405598674e-06,1.0,14
C18,own_disease_2018_2024_age_sex_mention_distribution,2022,0.8342915135166385,0.8310069138843171,0.83757611314896,2.808359731530143e-06,1.0,14
C18,own_disease_2018_2024_age_sex_mention_distribution,2023,0.8463334020243121,0.8431429358533117,0.8495238681953124,2.6496965817101977e-06,1.0,14
C18,own_disease_2018_2024_age_sex_mention_distribution,2024,0.8468412873764066,0.8436756723804794,0.8500069023723339,2.608579316545023e-06,1.0,14
E10_E14,own_disease_2018_2024_age_sex_mention_distribution,1999,0.3240769504356099,0.32202495994208796,0.32612894092913186,1.096070643873502e-06,1.0,14
E10_E14,own_disease_2018_2024_age_sex_mention_distribution,2000,0.32305255569600466,0.3210241818084286,0.3250809295835807,1.070986210901799e-06,1.0,14
E10_E14,own_disease_2018_2024_age_sex_mention_distribution,2001,0.3253365384486347,0.3233278500014375,0.3273452268958319,1.0502991664680305e-06,1.0,14
E10_E14,own_disease_2018_2024_age_sex_mention_distribution,2002,0.3249250152920022,0.3229495114606545,0.3269005191233499,1.015882806036429e-06,1.0,14
E10_E14,own_disease_2018_2024_age_sex_mention_distribution,2003,0.32453444369533296,0.3225801312660499,0.32648875612461603,9.942047769810203e-07,1.0,14
E10_E14,own_disease_2018_2024_age_sex_mention_distribution,2004,0.32303248081510283,0.3210734520165341,0.32499150961367157,9.990092236624564e-07,1.0,14
E10_E14,own_disease_2018_2024_age_sex_mention_distribution,2005,0.32015797457182993,0.3182410793709433,0.32207486977271654,9.564991699245461e-07,1.0,14
E10_E14,own_disease_2018_2024_age_sex_mention_distribution,2006,0.3127161894226195,0.31080290693172924,0.3146294719135097,9.528972016730538e-07,1.0,14
E10_E14,own_disease_2018_2024_age_sex_mention_distribution,2007,0.3073645523153557,0.3054646784689533,0.3092644261617581,9.395878363816608e-07,1.0,14
E10_E14,own_disease_2018_2024_age_sex_mention_distribution,2008,0.3009438370841245,0.29906696789248904,0.3028207062757599,9.169715645851198e-07,1.0,14
E10_E14,own_disease_2018_2024_age_sex_mention_distribution,2009,0.2966172973445837,0.29474041764370423,0.29849417704546316,9.169818334999553e-07,1.0,14
E10_E14,own_disease_2018_2024_age_sex_mention_distribution,2010,0.29426261419972205,0.2924034490622399,0.2961217793372042,8.997540109404648e-07,1.0,14
E10_E14,own_disease_2018_2024_age_sex_mention_distribution,2011,0.30823870071890686,0.3063768917247668,0.3101005097130469,9.023148507551054e-07,1.0,14
E10_E14,own_disease_2018_2024_age_sex_mention_distribution,2012,0.30634765763764166,0.304498714332488,0.30819660094279533,8.898873765287061e-07,1.0,14
E10_E14,own_disease_2018_2024_age_sex_mention_distribution,2013,0.30585444238959447,0.3040317253532708,0.30767715942591817,8.648212709560013e-07,1.0,14
E10_E14,own_disease_2018_2024_age_sex_mention_distribution,2014,0.31164098152891306,0.30980538076430264,0.3134765822935235,8.770903183669395e-07,1.0,14
E10_E14,own_disease_2018_2024_age_sex_mention_distribution,2015,0.3141257970224219,0.3123174767135762,0.3159341173312676,8.512136451956787e-07,1.0,14
E10_E14,own_disease_2018_2024_age_sex_mention_distribution,2016,0.30852437730417986,0.30674782966074476,0.31030092494761496,8.215643298091352e-07,1.0,14
E10_E14,own_disease_2018_2024_age_sex_mention_distribution,2017,0.30829878496317664,0.30656316374687903,0.31003440617947425,7.841474923111431e-07,1.0,14
E10_E14,own_disease_2018_2024_age_sex_mention_distribution,2018,0.30745354177779316,0.3057377312032646,0.30916935235232174,7.663488982882396e-07,1.0,14
E10_E14,own_disease_2018_2024_age_sex_mention_distribution,2019,0.3100504092152882,0.3083523969068434,0.311748421523733,7.505325384292856e-07,1.0,14
E10_E14,own_disease_2018_2024_age_sex_mention_distribution,2020,0.26221642649213195,0.2608379291460146,0.2635949238382493,4.946519505550976e-07,1.0,14
E10_E14,own_disease_2018_2024_age_sex_mention_distribution,2021,0.25617602061063427,0.254823889384143,0.2575281518371255,4.7591078031361104e-07,1.0,14
E10_E14,own_disease_2018_2024_age_sex_mention_distribution,2022,0.2736018391779279,0.27217060098900553,0.2750330773668503,5.332264560156694e-07,1.0,14
E10_E14,own_disease_2018_2024_age_sex_mention_distribution,2023,0.2814326092977689,0.2799244992842979,0.28294071931123993,5.92043891277489e-07,1.0,14
E10_E14,own_disease_2018_2024_age_sex_mention_distribution,2024,0.27904596936525555,0.2775426270720649,0.2805493116584462,5.883064479632866e-07,1.0,14
N18,own_disease_2018_2024_age_sex_mention_distribution,1999,0.2292879812725593,0.22561786942070094,0.23295809312441768,3.506278895551633e-06,1.0,14
N18,own_disease_2018_2024_age_sex_mention_distribution,2000,0.22961094775406327,0.22610278303700912,0.2331191124711174,3.2036702629070324e-06,1.0,14
N18,own_disease_2018_2024_age_sex_mention_distribution,2001,0.23835784687882886,0.23489786272481836,0.24181783103283935,3.116277162120925e-06,1.0,14
N18,own_disease_2018_2024_age_sex_mention_distribution,2002,0.23785170771517677,0.2344976444943323,0.24120577093602125,2.9283996484333833e-06,1.0,14
N18,own_disease_2018_2024_age_sex_mention_distribution,2003,0.2401264006461796,0.23687640479393388,0.24337639649842532,2.7494983964010957e-06,1.0,14
N18,own_disease_2018_2024_age_sex_mention_distribution,2004,0.23603994627833302,0.23285541854146086,0.2392244740152052,2.6398419686870296e-06,1.0,14
N18,own_disease_2018_2024_age_sex_mention_distribution,2005,0.23595220179508578,0.23283914200940417,0.23906526158076738,2.5226835769543924e-06,1.0,14
N18,own_disease_2018_2024_age_sex_mention_distribution,2006,0.2542235548060285,0.2510220606222157,0.25742504898984125,2.6680458686451033e-06,1.0,14
N18,own_disease_2018_2024_age_sex_mention_distribution,2007,0.25470883625797763,0.25150623339911865,0.2579114391168366,2.6698940731912855e-06,1.0,14
N18,own_disease_2018_2024_age_sex_mention_distribution,2008,0.26588518280914375,0.2626139680007855,0.269156397617502,2.785518097256908e-06,1.0,14
N18,own_disease_2018_2024_age_sex_mention_distribution,2009,0.2744859896260979,0.27115981833995007,0.2778121609122457,2.879897809452918e-06,1.0,14
N18,own_disease_2018_2024_age_sex_mention_distribution,2010,0.2870588320931343,0.2836908041659606,0.29042686002030804,2.952835307742095e-06,1.0,14
N18,own_disease_2018_2024_age_sex_mention_distribution,2011,0.18315253766237707,0.18102765985267577,0.18527741547207838,1.1753190613705231e-06,1.0,14
N18,own_disease_2018_2024_age_sex_mention_distribution,2012,0.18231266448266262,0.18025279872633337,0.18437253023899186,1.104499930783487e-06,1.0,14
N18,own_disease_2018_2024_age_sex_mention_distribution,2013,0.31500897123614174,0.31185126480112585,0.31816667767115764,2.595561726817165e-06,1.0,14
N18,own_disease_2018_2024_age_sex_mention_distribution,2014,0.322580180009927,0.3194600770153061,0.3257002830045479,2.5341114892342525e-06,1.0,14
N18,own_disease_2018_2024_age_sex_mention_distribution,2015,0.322785514082992,0.31979714987688634,0.32577387828909765,2.324635732073521e-06,1.0,14
N18,own_disease_2018_2024_age_sex_mention_distribution,2016,0.3201701909475938,0.3172838424138875,0.3230565394813001,2.1686297006529993e-06,1.0,14
N18,own_disease_2018_2024_age_sex_mention_distribution,2017,0.31407172777181386,0.3112796731780932,0.31686378236553453,2.0292505347554997e-06,1.0,14
N18,own_disease_2018_2024_age_sex_mention_distribution,2018,0.3130393309113704,0.31031367550429473,0.315764986318446,1.9338810386611264e-06,1.0,14
N18,own_disease_2018_2024_age_sex_mention_distribution,2019,0.3107384924030005,0.3080772800707954,0.3133997047352056,1.8435160029884983e-06,1.0,14
N18,own_disease_2018_2024_age_sex_mention_distribution,2020,0.27086326252289655,0.2685061020734956,0.2732204229722975,1.4463258497032301e-06,1.0,14
N18,own_disease_2018_2024_age_sex_mention_distribution,2021,0.26659563813740045,0.26427810034544674,0.26891317592935415,1.398110531323818e-06,1.0,14
N18,own_disease_2018_2024_age_sex_mention_distribution,2022,0.29479161040838786,0.29232835549764746,0.29725486531912826,1.5794525081441588e-06,1.0,14
N18,own_disease_2018_2024_age_sex_mention_distribution,2023,0.30113635974632935,0.2985925580125822,0.3036801614800765,1.6844354593437163e-06,1.0,14
N18,own_disease_2018_2024_age_sex_mention_distribution,2024,0.3007170773990088,0.2981965840780381,0.30323757071997953,1.6537085019413337e-06,1.0,14
A40_A41,own_disease_2018_2024_age_sex_mention_distribution,1999,0.21596273880322223,0.21373345014121622,0.21819202746522823,1.2936609585975792e-06,1.0,14
A40_A41,own_disease_2018_2024_age_sex_mention_distribution,2000,0.22230195892977983,0.22004124315000437,0.2245626747095553,1.3303925023234555e-06,1.0,14
A40_A41,own_disease_2018_2024_age_sex_mention_distribution,2001,0.22665374627702153,0.22439409343311556,0.2289133991209275,1.3291417573335007e-06,1.0,14
A40_A41,own_disease_2018_2024_age_sex_mention_distribution,2002,0.2330252888469204,0.23077142991845584,0.23527914777538494,1.3223344620521108e-06,1.0,14
A40_A41,own_disease_2018_2024_age_sex_mention_distribution,2003,0.23072786250017938,0.2285045903418362,0.23295113465852255,1.2866876015368198e-06,1.0,14
A40_A41,own_disease_2018_2024_age_sex_mention_distribution,2004,0.22634682186608432,0.22414410910185562,0.22854953463031302,1.2630007084798275e-06,1.0,14
A40_A41,own_disease_2018_2024_age_sex_mention_distribution,2005,0.22071156911887505,0.21857786551787858,0.2228452727198715,1.1851028365538497e-06,1.0,14
A40_A41,own_disease_2018_2024_age_sex_mention_distribution,2006,0.22176464139674942,0.21963093669249362,0.22389834610100523,1.185104062099985e-06,1.0,14
A40_A41,own_disease_2018_2024_age_sex_mention_distribution,2007,0.22573436100335104,0.22359115027409485,0.22787757173260723,1.1956872735315605e-06,1.0,14
A40_A41,own_disease_2018_2024_age_sex_mention_distribution,2008,0.2228931044835903,0.22080769782396273,0.22497851114321785,1.132059802170718e-06,1.0,14
A40_A41,own_disease_2018_2024_age_sex_mention_distribution,2009,0.2246932852906201,0.22259456770526345,0.22679200287597676,1.1465575549472333e-06,1.0,14
A40_A41,own_disease_2018_2024_age_sex_mention_distribution,2010,0.21616033209785213,0.2141061650482195,0.21821449914748475,1.0983970917837251e-06,1.0,14
A40_A41,own_disease_2018_2024_age_sex_mention_distribution,2011,0.21483747226872046,0.21282161246839215,0.21685333206904878,1.0578120404466158e-06,1.0,14
A40_A41,own_disease_2018_2024_age_sex_mention_distribution,2012,0.21557896839686946,0.21356667200045762,0.2175912647932813,1.054075590121846e-06,1.0,14
A40_A41,own_disease_2018_2024_age_sex_mention_distribution,2013,0.21836097908662055,0.2163940061807111,0.22032795199253,1.0071278666654023e-06,1.0,14
A40_A41,own_disease_2018_2024_age_sex_mention_distribution,2014,0.21243979037975882,0.21054215590027092,0.21433742485924673,9.373741716319515e-07,1.0,14
A40_A41,own_disease_2018_2024_age_sex_mention_distribution,2015,0.2073681698315312,0.2055519872617872,0.2091843524012752,8.586315927326853e-07,1.0,14
A40_A41,own_disease_2018_2024_age_sex_mention_distribution,2016,0.20390741286050595,0.20211753728693158,0.20569728843408033,8.339375699912171e-07,1.0,14
A40_A41,own_disease_2018_2024_age_sex_mention_distribution,2017,0.19995889789434618,0.1982098578284413,0.20170793796025105,7.963195418941462e-07,1.0,14
A40_A41,own_disease_2018_2024_age_sex_mention_distribution,2018,0.1968310472969267,0.19510402807510432,0.19855806651874905,7.763940526197192e-07,1.0,14
A40_A41,own_disease_2018_2024_age_sex_mention_distribution,2019,0.19032383996638585,0.1886004805575581,0.1920471993752136,7.731069481453548e-07,1.0,14
A40_A41,own_disease_2018_2024_age_sex_mention_distribution,2020,0.16528127138345608,0.1637969071228546,0.16676563564405755,5.735467664907657e-07,1.0,14
A40_A41,own_disease_2018_2024_age_sex_mention_distribution,2021,0.15948600317394207,0.15806624780193296,0.16090575854595118,5.247046325355925e-07,1.0,14
A40_A41,own_disease_2018_2024_age_sex_mention_distribution,2022,0.17325262368965394,0.17174407504195172,0.17476117233735616,5.9238833363291e-07,1.0,14
A40_A41,own_disease_2018_2024_age_sex_mention_distribution,2023,0.18426069768977907,0.1826538782917614,0.18586751708779672,6.720815748245174e-07,1.0,14
A40_A41,own_disease_2018_2024_age_sex_mention_distribution,2024,0.18048916101074022,0.17887855983914674,0.1820997621823337,6.75248889509129e-07,1.0,14
