disease,year,M_record_axis_mention,U_main_M_and_UCD,U_official_all_UCD,UCF,CI_lo,CI_hi,orphan_UCD
I21,1999,238258,198940,199450,0.8349772095795315,0.8334813054002383,0.8364623121873384,510
I21,2000,233177,192813,192895,0.8268954485219383,0.8253544427920565,0.8284256835950518,82
I21,2001,225026,184677,184757,0.8206918311661764,0.8191013878725072,0.8222713254723195,80
I21,2002,220806,179437,179509,0.8126454897058957,0.8110125395257309,0.8142675616139123,72
I21,2003,211194,170500,170562,0.8073146017405798,0.8056269130032785,0.808991111041771,62
I21,2004,195556,156713,156800,0.8013714741557405,0.7995972847795414,0.8031338236153281,87
I21,2005,190433,150854,150939,0.7921631229881375,0.7903348304268977,0.7939796286220444,85
I21,2006,180552,141381,141381,0.7830486508042005,0.781141462693296,0.7849437947770973,0
I21,2007,172442,132880,132880,0.7705779334500875,0.7685874127964724,0.7725563991422104,0
I21,2008,172650,133887,133887,0.7754821894005213,0.7735078412120826,0.7774442789160283,0
I21,2009,162373,125393,125393,0.7722527760157168,0.7702065026969618,0.7742861675981543,0
I21,2010,158923,122016,122016,0.7677680386098928,0.7656855651966054,0.7698375674521517,0
I21,2011,157000,119851,119851,0.7633821656050955,0.761273445345892,0.7654779973676371,0
I21,2012,154431,117883,117883,0.7633376718404984,0.761211294421796,0.765450948577868,0
I21,2013,153284,116756,116756,0.7616972417212494,0.7595578742250352,0.7638234927280149,0
I21,2014,150543,113982,113982,0.7571391562543592,0.7549664831399634,0.7592987066825484,0
I21,2015,151823,113995,113995,0.7508414403614736,0.7486594504294345,0.7530107369244825,0
I21,2016,149579,111746,111746,0.7470701101090393,0.7448608905378711,0.7492666395929682,0
I21,2017,148990,110312,110312,0.7403986844754682,0.7381663494006845,0.7426186233110796,0
I21,2018,147937,108586,108586,0.7340016358314688,0.7317439473274776,0.736247172077312,0
I21,2019,144025,104259,104259,0.7238951570907829,0.7215803145409532,0.7261980564212211,0
I21,2020,158701,109182,109182,0.6879729806365429,0.6856889513989773,0.6902479100828496,0
I21,2021,162329,109078,109078,0.6719563355900671,0.6696683408716017,0.6742361919284463,0
I21,2022,151300,103894,103894,0.6866754791804363,0.6843335337995736,0.6890079455400238,0
I21,2023,134283,93336,93336,0.6950693684234043,0.6926014535375685,0.6975261228569152,0
I21,2024,129779,90296,90296,0.695767419998613,0.6932585409011175,0.6982647100066125,0
C18,1999,58040,48342,48433,0.832908339076499,0.8298513152003837,0.8359212978582482,91
C18,2000,58278,48560,48570,0.8332475376642987,0.8301992443918668,0.8362519010724371,10
C18,2001,57219,47846,47860,0.8361907757912581,0.833135731476879,0.8392006820807444,14
C18,2002,57063,47568,47586,0.8336049629357026,0.8305267534021099,0.8366382591818333,18
C18,2003,55929,46846,46868,0.8375976684725277,0.8345178654543818,0.8406310991803252,22
C18,2004,53125,44581,44591,0.8391717647058824,0.8360232996202089,0.8422711824443341,10
C18,2005,52623,43964,43989,0.8354521787051289,0.8322598450243489,0.8385955402000399,25
C18,2006,52530,44061,44061,0.8387778412335808,0.8356083786951658,0.8418977585230544,0
C18,2007,52145,43969,43969,0.8432064435708122,0.8400603249236953,0.8463019987391215,0
C18,2008,51299,43396,43396,0.8459424160315016,0.842792561231925,0.8490404638158046,0
C18,2009,49790,42199,42199,0.8475396665997188,0.8443554201268085,0.8506702896011841,0
C18,2010,49326,42009,42009,0.851660381948668,0.8484963072404441,0.8547696870149804,0
C18,2011,49060,41822,41822,0.8524663677130044,0.84930066065684,0.8555768819837289,0
C18,2012,48492,41488,41488,0.85556380433886,0.8524068404016448,0.858664438344625,0
C18,2013,48386,41502,41502,0.8577274418220147,0.8545864363924399,0.860811650403517,0
C18,2014,48069,41526,41526,0.8638831679460776,0.8607885915240268,0.8669195891951537,0
C18,2015,48613,42126,42126,0.8665583280192541,0.8635064956436457,0.8695522331959655,0
C18,2016,48083,41612,41612,0.865420210885344,0.862340608448428,0.8684414295045761,0
C18,2017,47959,41512,41512,0.8655726766613149,0.8624905070533679,0.8685962870871679,0
C18,2018,47894,41230,41230,0.8608593978368898,0.8577308818452264,0.8639300311985795,0
C18,2019,47286,40637,40637,0.8593875565706551,0.856225153306233,0.8624915721367198,0
C18,2020,48096,40246,40246,0.8367847638057219,0.833455100003241,0.8400606334682489,0
C18,2021,48252,40440,40440,0.8380999751305646,0.8347863677776685,0.8413597528498877,0
C18,2022,48055,40132,40132,0.8351264176464468,0.831782005546288,0.8384172548249454,0
C18,2023,47931,40598,40598,0.8470092424526924,0.8437587675026887,0.8502040993313844,0
C18,2024,48195,40801,40801,0.8465815956012035,0.8433364701284953,0.8497714758071286,0
E10_E14,1999,209664,68293,68399,0.3257259233821734,0.32372313394953306,0.32773509878878265,106
E10_E14,2000,213062,69299,69301,0.3252527433329266,0.3232667199525396,0.32724506790533875,2
E10_E14,2001,218125,71370,71372,0.3271977077363897,0.3252317726918069,0.3291697292103086,2
E10_E14,2002,224089,73246,73249,0.326861202468662,0.32492208380127924,0.32880625711826234,3
E10_E14,2003,227573,74216,74219,0.32611953087580686,0.3241964299428075,0.32804850195497387,3
E10_E14,2004,225450,73137,73138,0.3244045242847638,0.3224750735889205,0.3263399588466144,1
E10_E14,2005,233615,75116,75119,0.32153757250176573,0.3196465354863153,0.3234344785307084,3
E10_E14,2006,231037,72449,72449,0.3135818072429957,0.3116931115807292,0.31547670196345806,0
E10_E14,2007,231402,71382,71382,0.3084761583737392,0.3065975270739744,0.3103611484667491,0
E10_E14,2008,233829,70553,70553,0.30172904130796435,0.29987185477361056,0.3035927423226486,0
E10_E14,2009,230642,68705,68705,0.2978859010934695,0.2960228670119203,0.29975566768736855,0
E10_E14,2010,234051,69071,69071,0.29511089463407547,0.2932665082346061,0.2969620065774915,0
E10_E14,2011,239189,73831,73831,0.3086722215486498,0.30682404298401467,0.310526545596383,0
E10_E14,2012,241107,73932,73932,0.3066356430962187,0.30479823832572495,0.30847920935833134,0
E10_E14,2013,246804,75578,75578,0.3062268034553735,0.3044113769628787,0.3080482619422385,0
E10_E14,2014,245016,76488,76488,0.31217553139386817,0.3103436865610123,0.3140132657086319,0
E10_E14,2015,252806,79535,79535,0.3146088304866182,0.31280153181482545,0.316421763215529,0
E10_E14,2016,258852,80058,80058,0.30928097909229985,0.3075032889313141,0.3110643298500178,0
E10_E14,2017,270702,83564,83564,0.30869369269528857,0.3069562083178738,0.31043660654772093,0
E10_E14,2018,275929,84946,84946,0.30785455678815926,0.3061348937435118,0.3095795698216211,0
E10_E14,2019,282801,87647,87647,0.3099246466596653,0.3082227894481802,0.31163166762039113,0
E10_E14,2020,388066,102188,102188,0.2633263413955358,0.26194295461901496,0.26471441378282223,0
E10_E14,2021,399401,103294,103294,0.2586222868745947,0.25726662397506556,0.259982592895333,0
E10_E14,2022,369453,101209,101209,0.2739428289931331,0.27250710226978453,0.2753832566136697,0
E10_E14,2023,339342,95190,95190,0.2805134642926605,0.2790044229861057,0.2820274748570379,0
E10_E14,2024,340871,94445,94445,0.27706962457938633,0.2755697080101378,0.2785745657368585,0
N18,1999,59839,13340,13992,0.22293153294674042,0.21961456651944936,0.22628407078343485,652
N18,2000,62605,14201,14482,0.2268349173388707,0.22357127633475793,0.23013207924488308,281
N18,2001,65703,15458,15692,0.2352708399920856,0.23204302825064274,0.2385296057755803,234
N18,2002,68510,16157,16402,0.23583418479054152,0.23267021352977485,0.23902777874007752,245
N18,2003,71928,17208,17470,0.23923923923923923,0.23613548095711936,0.2423708489347027,262
N18,2004,73191,17322,17643,0.23666844284133295,0.23360305526996533,0.23976147108553633,321
N18,2005,75248,17809,18066,0.2366707420795237,0.23364734375634116,0.23972102528634437,257
N18,2006,74379,18966,18966,0.2549913281974751,0.2518717156329577,0.2581362474242546,0
N18,2007,73426,18795,18795,0.2559719990194209,0.252828262183303,0.2591412683501824,0
N18,2008,72330,19291,19291,0.26670814323240705,0.2634977049225425,0.2699433605680472,0
N18,2009,71686,19705,19705,0.2748793348771029,0.2716232745907528,0.27815952108554065,0
N18,2010,71508,20502,20502,0.2867091793925155,0.28340615371047123,0.2900351201019868,0
N18,2011,128398,23550,23550,0.18341407187027836,0.18130672257004632,0.18554036407338945,0
N18,2012,135632,24777,24777,0.18267812905509023,0.18063072922972956,0.1847435031693561,0
N18,2013,83375,26229,26229,0.3145907046476762,0.31144736673318435,0.31775112704452857,0
N18,2014,86401,27838,27838,0.32219534496128516,0.3190872865046178,0.32531921339454484,0
N18,2015,94231,30375,30375,0.3223461493563689,0.31936932267588186,0.32533746006295533,0
N18,2016,100472,32131,32131,0.3198005414443825,0.31692355720801396,0.32269130469050117,0
N18,2017,106271,33336,33336,0.3136885886083692,0.3109057092348725,0.31648493697612373,0
N18,2018,111104,34748,34748,0.31275201612903225,0.3100324404479782,0.31548453968864926,0
N18,2019,115937,35959,35959,0.3101598281825474,0.30750356617358554,0.312828670110602,0
N18,2020,136331,36880,36880,0.2705180773265068,0.2681665004242499,0.2728825862914207,0
N18,2021,139623,37306,37306,0.26719093559084106,0.26487635981992586,0.2695183215983078,0
N18,2022,131096,38668,38668,0.2949594190516873,0.29249690803825207,0.29743394617344915,0
N18,2023,124497,37460,37460,0.300890784516896,0.298349275641579,0.30344458037506616,0
N18,2024,127112,38138,38138,0.3000346151425515,0.29752139537573014,0.3025599208741539,0
A40_A41,1999,139086,30593,30680,0.21995743640625226,0.21778830524977538,0.22214203629811347,87
A40_A41,2000,137393,31219,31224,0.22722409438617688,0.22501599380644863,0.22944744797168848,5
A40_A41,2001,139909,32235,32238,0.23039975984389854,0.22820070558667985,0.2326136184351556,3
A40_A41,2002,143232,33861,33865,0.23640666890080428,0.23421342047281507,0.2386140560096783,4
A40_A41,2003,145403,34066,34069,0.23428677537602388,0.2321167627860715,0.23647082755861532,3
A40_A41,2004,145756,33365,33373,0.22890995910974504,0.22676027110037686,0.2310739361196824,8
A40_A41,2005,152706,34131,34136,0.22350791717417784,0.22142542254139128,0.2256043222784871,5
A40_A41,2006,152415,34234,34234,0.22461043860512417,0.2225222729059236,0.22671248575952568,0
A40_A41,2007,152558,34828,34828,0.22829350148795868,0.22619413974144884,0.23040654620152462,0
A40_A41,2008,159403,35927,35927,0.22538471672427746,0.22334016226411962,0.22744250679330352,0
A40_A41,2009,157404,35639,35639,0.22641737185840258,0.22435654906413066,0.22849154794423004,0
A40_A41,2010,159642,34812,34812,0.21806291577404444,0.21604412388978367,0.22009527581252944,0
A40_A41,2011,164805,35748,35748,0.21691089469372896,0.21492770650727858,0.21890727968601806,0
A40_A41,2012,165092,35842,35842,0.21710319094807742,0.21512108030194216,0.21909846651021392,0
A40_A41,2013,173620,38156,38156,0.2197673079138348,0.21782573114158216,0.22172128508384178,0
A40_A41,2014,182242,38940,38940,0.2136719307294696,0.21179606350105612,0.2155598686584106,0
A40_A41,2015,195214,40773,40773,0.2088630938354831,0.2070656090416697,0.2106720365004404,0
A40_A41,2016,198155,40613,40613,0.20495571648457017,0.2031841011534619,0.20673877112827296,0
A40_A41,2017,203676,40922,40922,0.20091714291325438,0.19918265747377728,0.20266290992552968,0
A40_A41,2018,205925,40718,40718,0.19773218404759013,0.19601757804463293,0.1994580672408581,0
A40_A41,2019,201092,38431,38431,0.19111153104051876,0.18939898172459363,0.19283588151876618,0
A40_A41,2020,242155,40050,40050,0.16538993619788978,0.16391546453538197,0.16687502395662054,0
A40_A41,2021,260946,41281,41281,0.15819748147126225,0.15680235444675383,0.159602671887972,0
A40_A41,2022,243672,42261,42261,0.1734339604057914,0.17193579270044845,0.1749424244949353,0
A40_A41,2023,225492,41710,41710,0.18497330282227306,0.1833760821794771,0.1865812568078819,0
A40_A41,2024,221193,40057,40057,0.18109524261617682,0.179495942069931,0.1827056198078678,0
