regime,year,race,A,B,UCF,CI_lo,CI_hi,std_UCF,std_CI_lo,std_CI_hi,effective_weight_sum,standardization_status
bridged,1999,AIAN,19,11,0.5789473684210527,0.3627590353425504,0.7685810871754576,,,,0.9213977912261285,not_estimable: common regime weight has zero-denominator cell; crude result retained
bridged,2000,AIAN,10,6,0.6,0.3126737697336583,0.8318196702937638,,,,0.845786139826218,not_estimable: common regime weight has zero-denominator cell; crude result retained
bridged,2001,AIAN,17,9,0.5294117647058824,0.3096323506000443,0.7383489355759056,,,,0.9600631078248993,not_estimable: common regime weight has zero-denominator cell; crude result retained
bridged,2002,AIAN,18,12,0.6666666666666666,0.437494672959451,0.8372122524916631,,,,0.8852285303883015,not_estimable: common regime weight has zero-denominator cell; crude result retained
bridged,2003,AIAN,24,12,0.5,0.31427425819573357,0.6857257418042665,,,,0.9634304283325876,not_estimable: common regime weight has zero-denominator cell; crude result retained
bridged,2004,AIAN,16,12,0.75,0.5050168346449122,0.8981793250878696,,,,0.7878117126239198,not_estimable: common regime weight has zero-denominator cell; crude result retained
bridged,2005,AIAN,22,15,0.6818181818181818,0.4731859774104275,0.8363940681864375,,,,0.9805731509171828,not_estimable: common regime weight has zero-denominator cell; crude result retained
bridged,2006,AIAN,14,8,0.5714285714285714,0.32590644579650746,0.7861920109552588,,,,0.8092872112463796,not_estimable: common regime weight has zero-denominator cell; crude result retained
bridged,2007,AIAN,12,9,0.75,0.46769466506643437,0.9110583316059452,,,,0.7842795582452258,not_estimable: common regime weight has zero-denominator cell; crude result retained
bridged,2008,AIAN,15,8,0.5333333333333333,0.30116980025498397,0.7519046463426261,,,,0.6826712506181271,not_estimable: common regime weight has zero-denominator cell; crude result retained
bridged,2009,AIAN,20,8,0.4,0.2188065323728171,0.6134184992377469,,,,0.958461864506558,not_estimable: common regime weight has zero-denominator cell; crude result retained
bridged,2010,AIAN,14,4,0.2857142857142857,0.1172137864457692,0.5464908432989318,,,,0.7211010902583183,not_estimable: common regime weight has zero-denominator cell; crude result retained
bridged,2011,AIAN,26,15,0.5769230769230769,0.3894861374659171,0.7445555668634343,,,,0.936562507358655,not_estimable: common regime weight has zero-denominator cell; crude result retained
bridged,2012,AIAN,14,6,0.42857142857142855,0.2138079890447412,0.6740935542034925,,,,0.7477806296653873,not_estimable: common regime weight has zero-denominator cell; crude result retained
bridged,2013,AIAN,27,17,0.6296296296296297,0.44229234412102386,0.7846748703903439,,,,0.9813502248804955,not_estimable: common regime weight has zero-denominator cell; crude result retained
bridged,2014,AIAN,17,8,0.47058823529411764,0.26165106442409436,0.6903676493999558,,,,0.8563355075705842,not_estimable: common regime weight has zero-denominator cell; crude result retained
bridged,2015,AIAN,19,13,0.6842105263157895,0.4601040767532747,0.8463562091220771,,,,0.7559752278239574,not_estimable: common regime weight has zero-denominator cell; crude result retained
bridged,2016,AIAN,20,9,0.45,0.2581978582556243,0.6579146575496578,,,,0.9239880377705042,not_estimable: common regime weight has zero-denominator cell; crude result retained
bridged,2017,AIAN,23,13,0.5652173913043478,0.3681137508501646,0.7436536467432578,,,,0.8393576188569949,not_estimable: common regime weight has zero-denominator cell; crude result retained
bridged,2018,AIAN,23,10,0.43478260869565216,0.25634635325674215,0.6318862491498354,,,,0.8459980690889397,not_estimable: common regime weight has zero-denominator cell; crude result retained
bridged,2019,AIAN,20,14,0.7,0.4810271816464765,0.8545227551323956,,,,0.8358254644783009,not_estimable: common regime weight has zero-denominator cell; crude result retained
bridged,2020,AIAN,30,12,0.4,0.2459062811680185,0.5767963974667752,,,,0.9605576094379165,not_estimable: common regime weight has zero-denominator cell; crude result retained
bridged,1999,API,63,31,0.49206349206349204,0.37266808813984664,0.6123711372504527,,,,0.9540348976852615,not_estimable: common regime weight has zero-denominator cell; crude result retained
bridged,2000,API,55,24,0.43636363636363634,0.3137344236063191,0.5673018365358555,,,,0.9540348976852615,not_estimable: common regime weight has zero-denominator cell; crude result retained
bridged,2001,API,61,34,0.5573770491803278,0.43303367693143874,0.6749219447851712,,,,0.9600631078248993,not_estimable: common regime weight has zero-denominator cell; crude result retained
bridged,2002,API,48,21,0.4375,0.30701269040654244,0.5772498258017222,,,,0.9506675771775732,not_estimable: common regime weight has zero-denominator cell; crude result retained
bridged,2003,API,61,24,0.39344262295081966,0.2806835145303707,0.5188274737102107,,,,0.9805731509171828,not_estimable: common regime weight has zero-denominator cell; crude result retained
bridged,2004,API,57,30,0.5263157894736842,0.3991801621874118,0.6501283201887471,,,,0.9353851225657569,not_estimable: common regime weight has zero-denominator cell; crude result retained
bridged,2005,API,68,35,0.5147058823529411,0.3983475330632514,0.6294915452743934,,,,0.9711776202698567,not_estimable: common regime weight has zero-denominator cell; crude result retained
bridged,2006,API,79,40,0.5063291139240507,0.3983739722469014,0.6136972782384921,,,,0.9711776202698567,not_estimable: common regime weight has zero-denominator cell; crude result retained
bridged,2007,API,66,35,0.5303030303030303,0.41157685726598636,0.6456957150362233,,,,0.9813502248804955,not_estimable: common regime weight has zero-denominator cell; crude result retained
bridged,2008,API,77,40,0.5194805194805194,0.4096400507720929,0.6274696209701498,,,,0.9700944262603904,not_estimable: common regime weight has zero-denominator cell; crude result retained
bridged,2009,API,62,39,0.6290322580645161,0.5045796412346052,0.7384283401585889,,,,0.9513033649657381,not_estimable: common regime weight has zero-denominator cell; crude result retained
bridged,2010,API,64,42,0.65625,0.5340364020991819,0.7607685792155664,,,,0.9850001177384793,not_estimable: common regime weight has zero-denominator cell; crude result retained
bridged,2011,API,67,37,0.5522388059701493,0.4335761280049217,0.6652360663870319,,,,0.9805731509171828,not_estimable: common regime weight has zero-denominator cell; crude result retained
bridged,2012,API,78,47,0.6025641025641025,0.49161858291311733,0.7038813535561761,,,,0.9644900746461958,not_estimable: common regime weight has zero-denominator cell; crude result retained
bridged,2013,API,62,41,0.6612903225806451,0.5371769954935818,0.7665829812479109,,,,0.9805731509171828,not_estimable: common regime weight has zero-denominator cell; crude result retained
bridged,2014,API,77,43,0.5584415584415584,0.4473823615613035,0.6639466536654249,,,,0.985777191701792,not_estimable: common regime weight has zero-denominator cell; crude result retained
bridged,2015,API,70,41,0.5857142857142857,0.4688121178456046,0.6936982143126353,,,,0.9634304283325876,not_estimable: common regime weight has zero-denominator cell; crude result retained
bridged,2016,API,72,53,0.7361111111111112,0.6242413795382338,0.8240622334023279,,,,0.9805731509171828,not_estimable: common regime weight has zero-denominator cell; crude result retained
bridged,2017,API,80,47,0.5875,0.47804040345890164,0.6889414238723811,,,,0.9600631078248993,not_estimable: common regime weight has zero-denominator cell; crude result retained
bridged,2018,API,75,50,0.6666666666666666,0.5541742611414865,0.7629177913642448,,,,0.9608401817882121,not_estimable: common regime weight has zero-denominator cell; crude result retained
bridged,2019,API,105,67,0.638095238095238,0.5428099778622196,0.7236326104145023,,,,0.9907457555278216,not_estimable: common regime weight has zero-denominator cell; crude result retained
bridged,2020,API,72,39,0.5416666666666666,0.42739867285989047,0.651713729423738,,,,0.9750629900864201,not_estimable: common regime weight has zero-denominator cell; crude result retained
bridged,1999,Black,215,92,0.42790697674418604,0.36360744792698196,0.49473749198040734,0.41536404115870296,0.33929704801156135,0.49143103430584456,1.0,common pooled age-sex distribution among record-axis coded deaths within regime
bridged,2000,Black,209,93,0.4449760765550239,0.37919750906502586,0.5127408373105453,0.44993202727734677,0.3748161747775246,0.5250478797771689,1.0,common pooled age-sex distribution among record-axis coded deaths within regime
bridged,2001,Black,225,101,0.4488888888888889,0.38529904736262544,0.5141946889623935,0.4634917990486521,0.39340689695565495,0.5335767011416492,1.0,common pooled age-sex distribution among record-axis coded deaths within regime
bridged,2002,Black,205,88,0.4292682926829268,0.3634261954317612,0.497712487645057,0.45612617786192317,0.3754630784859886,0.5367892772378577,1.0,common pooled age-sex distribution among record-axis coded deaths within regime
bridged,2003,Black,189,84,0.4444444444444444,0.3754097260621034,0.5156925289798169,,,,0.9951727223491181,not_estimable: common regime weight has zero-denominator cell; crude result retained
bridged,2004,Black,198,89,0.4494949494949495,0.38182386326154777,0.5190884660643763,0.44049684303057346,0.35301067660120633,0.5279830094599406,1.0,common pooled age-sex distribution among record-axis coded deaths within regime
bridged,2005,Black,206,108,0.5242718446601942,0.45625508410057664,0.5913999410607992,,,,0.9955730331787035,not_estimable: common regime weight has zero-denominator cell; crude result retained
bridged,2006,Black,184,92,0.5,0.4284973118991558,0.5715026881008443,,,,0.9955730331787035,not_estimable: common regime weight has zero-denominator cell; crude result retained
bridged,2007,Black,157,84,0.535031847133758,0.45710906027045084,0.611281266953967,0.5507792358423783,0.4655708335943438,0.6359876380904128,1.0,common pooled age-sex distribution among record-axis coded deaths within regime
bridged,2008,Black,173,90,0.5202312138728323,0.44615780913585223,0.5934256688940227,0.5250370437049733,0.4399814944696101,0.6100925929403365,1.0,common pooled age-sex distribution among record-axis coded deaths within regime
bridged,2009,Black,150,70,0.4666666666666667,0.38866050759928206,0.5463375086919231,0.48500382744500325,0.400858952301757,0.5691487025882496,1.0,common pooled age-sex distribution among record-axis coded deaths within regime
bridged,2010,Black,154,88,0.5714285714285714,0.49246833178432775,0.6469120323124823,0.5754561046873833,0.4922887528652439,0.6586234565095227,1.0,common pooled age-sex distribution among record-axis coded deaths within regime
bridged,2011,Black,134,65,0.48507462686567165,0.4020571693250764,0.568923985153249,0.48922696962888,0.39250536938638647,0.5859485698713736,1.0,common pooled age-sex distribution among record-axis coded deaths within regime
bridged,2012,Black,140,71,0.5071428571428571,0.4252500550206418,0.588654142116938,0.5323032136407461,0.44147344639332287,0.6231329808881693,1.0,common pooled age-sex distribution among record-axis coded deaths within regime
bridged,2013,Black,144,79,0.5486111111111112,0.4671226830259511,0.6275733522518093,0.5790299249405905,0.489385659396259,0.6686741904849219,1.0,common pooled age-sex distribution among record-axis coded deaths within regime
bridged,2014,Black,127,68,0.5354330708661418,0.44892855114214497,0.6198569858055412,0.5329713738628308,0.41764028002405645,0.648302467701605,1.0,common pooled age-sex distribution among record-axis coded deaths within regime
bridged,2015,Black,155,98,0.632258064516129,0.5540045004820471,0.7041145089025383,0.6385000432429453,0.5531669934987224,0.7238330929871681,1.0,common pooled age-sex distribution among record-axis coded deaths within regime
bridged,2016,Black,139,83,0.5971223021582733,0.5140340630726542,0.6749866891859216,,,,0.9898273953893612,not_estimable: common regime weight has zero-denominator cell; crude result retained
bridged,2017,Black,116,57,0.49137931034482757,0.4021496603059669,0.5811616242888545,,,,0.9907457555278216,not_estimable: common regime weight has zero-denominator cell; crude result retained
bridged,2018,Black,122,72,0.5901639344262295,0.5014409020634226,0.6733822460959357,0.5566047389748907,0.46255146455743457,0.6506580133923469,1.0,common pooled age-sex distribution among record-axis coded deaths within regime
bridged,2019,Black,154,77,0.5,0.4219976741976088,0.5780023258023912,0.5403810395337034,0.45638631734871193,0.6243757617186949,1.0,common pooled age-sex distribution among record-axis coded deaths within regime
bridged,2020,Black,140,85,0.6071428571428571,0.5244180870426445,0.6841448700210526,,,,0.9951727223491181,not_estimable: common regime weight has zero-denominator cell; crude result retained
bridged,1999,White,2104,964,0.45817490494296575,0.4369806581118795,0.4795216009819,0.45756160326925394,0.4358296116858824,0.47929359485262546,1.0,common pooled age-sex distribution among record-axis coded deaths within regime
bridged,2000,White,2042,950,0.465230166503428,0.4436816365853888,0.486909270453002,0.46737208459256185,0.44538657473974463,0.4893575944453791,1.0,common pooled age-sex distribution among record-axis coded deaths within regime
bridged,2001,White,2086,994,0.47651006711409394,0.45513999909340497,0.4979664915514395,0.47723951926854113,0.45554863419370356,0.4989304043433787,1.0,common pooled age-sex distribution among record-axis coded deaths within regime
bridged,2002,White,1995,956,0.4791979949874687,0.45733750191200967,0.5011384444249403,0.47696748962378416,0.45476618390849805,0.49916879533907027,1.0,common pooled age-sex distribution among record-axis coded deaths within regime
bridged,2003,White,1937,929,0.47960764068146616,0.4574219531709777,0.5018740523626208,0.47760732005703166,0.4550076496242759,0.5002069904897873,1.0,common pooled age-sex distribution among record-axis coded deaths within regime
bridged,2004,White,1878,956,0.5090521831735889,0.4864468613785707,0.5316205479882667,0.5095073320564695,0.4866525199339098,0.5323621441790292,1.0,common pooled age-sex distribution among record-axis coded deaths within regime
bridged,2005,White,1791,883,0.49302065884980456,0.4699062786692649,0.5161649144842372,0.4897556000405278,0.46649547467794855,0.5130157254031071,1.0,common pooled age-sex distribution among record-axis coded deaths within regime
bridged,2006,White,1670,870,0.5209580838323353,0.49697793209040053,0.5448420381529692,0.5200780911940347,0.4960730037280533,0.5440831786600161,1.0,common pooled age-sex distribution among record-axis coded deaths within regime
bridged,2007,White,1635,892,0.545565749235474,0.5213519542789095,0.5695659311565858,0.5429034586229126,0.5185971401132284,0.5672097771325967,1.0,common pooled age-sex distribution among record-axis coded deaths within regime
bridged,2008,White,1769,998,0.5641605426794799,0.5409388683462188,0.5871041661115841,0.5614125110613313,0.5381110592559311,0.5847139628667315,1.0,common pooled age-sex distribution among record-axis coded deaths within regime
bridged,2009,White,1592,871,0.5471105527638191,0.5225745693586032,0.5714197301195217,0.5465476230238965,0.5220696897758228,0.5710255562719702,1.0,common pooled age-sex distribution among record-axis coded deaths within regime
bridged,2010,White,1548,860,0.5555555555555556,0.530694892517632,0.5801411719671444,0.554074658375064,0.5293356933454804,0.5788136234046476,1.0,common pooled age-sex distribution among record-axis coded deaths within regime
bridged,2011,White,1581,887,0.5610373181530677,0.5364565951002819,0.585322147452058,0.5589485715090924,0.534460840590079,0.5834363024281057,1.0,common pooled age-sex distribution among record-axis coded deaths within regime
bridged,2012,White,1514,901,0.595112285336856,0.5701758154118243,0.6195673216769236,0.5927340540775409,0.5678826899631363,0.6175854181919455,1.0,common pooled age-sex distribution among record-axis coded deaths within regime
bridged,2013,White,1468,811,0.5524523160762943,0.526912070387061,0.5777187640530775,0.5516812609225032,0.5260063778062488,0.5773561440387577,1.0,common pooled age-sex distribution among record-axis coded deaths within regime
bridged,2014,White,1471,875,0.5948334466349422,0.5695304799641108,0.6196423957584721,0.5932737553896366,0.5681503428545885,0.6183971679246846,1.0,common pooled age-sex distribution among record-axis coded deaths within regime
bridged,2015,White,1528,927,0.606675392670157,0.5819442487161024,0.6308715085039527,0.6079019813464769,0.5835480934312269,0.6322558692617268,1.0,common pooled age-sex distribution among record-axis coded deaths within regime
bridged,2016,White,1511,886,0.586366644606221,0.5613463636204489,0.610948894394993,0.5852028099399134,0.5604659172250082,0.6099397026548186,1.0,common pooled age-sex distribution among record-axis coded deaths within regime
bridged,2017,White,1449,856,0.590752242926156,0.5652277842404261,0.6157967855109654,0.5865349209157537,0.5612065104825038,0.6118633313490035,1.0,common pooled age-sex distribution among record-axis coded deaths within regime
bridged,2018,White,1400,837,0.5978571428571429,0.5719385260832477,0.6232402088646256,0.5995456760518079,0.5740183730555091,0.6250729790481067,1.0,common pooled age-sex distribution among record-axis coded deaths within regime
bridged,2019,White,1515,891,0.5881188118811881,0.5631429331737108,0.6126489498101211,0.5865697963964744,0.5616564716179961,0.6114831211749527,1.0,common pooled age-sex distribution among record-axis coded deaths within regime
bridged,2020,White,1664,916,0.5504807692307693,0.5264907256150524,0.5742382730025923,0.549289643405583,0.5254473765515546,0.5731319102596113,1.0,common pooled age-sex distribution among record-axis coded deaths within regime
single_race,2018,White,1394,836,0.599713055954089,0.5737527450157107,0.625125316760006,0.5976194465759945,0.5719891132727044,0.6232497798792846,1.0,common pooled age-sex distribution among record-axis coded deaths within regime
single_race,2019,White,1509,889,0.5891318754141815,0.5641126695282332,0.6136984278815995,0.5870576048886148,0.5620695115647083,0.6120456982125213,1.0,common pooled age-sex distribution among record-axis coded deaths within regime
single_race,2020,White,1661,916,0.551475015051174,0.5274658504782119,0.5752466324996744,0.5487457887379485,0.5250014272425538,0.5724901502333433,1.0,common pooled age-sex distribution among record-axis coded deaths within regime
single_race,2021,White,1729,991,0.5731636784268364,0.549712571874078,0.5962903983989106,0.5731176852937372,0.5499830443160831,0.5962523262713912,1.0,common pooled age-sex distribution among record-axis coded deaths within regime
single_race,2022,White,1888,1061,0.5619703389830508,0.5394871181002403,0.5842018934228854,0.5616501581410737,0.5394005665771995,0.5838997497049478,1.0,common pooled age-sex distribution among record-axis coded deaths within regime
single_race,2023,White,1750,960,0.5485714285714286,0.5251750913081411,0.5717549927339538,0.5477695583976087,0.5244580312099373,0.57108108558528,1.0,common pooled age-sex distribution among record-axis coded deaths within regime
single_race,2024,White,1757,998,0.5680136596471258,0.5447280546372036,0.5910025069092446,0.5622775395902873,0.5392562838344991,0.5852987953460754,1.0,common pooled age-sex distribution among record-axis coded deaths within regime
single_race,2018,Black,122,72,0.5901639344262295,0.5014409020634226,0.6733822460959357,0.561006690447194,0.46818741337107184,0.6538259675233161,1.0,common pooled age-sex distribution among record-axis coded deaths within regime
single_race,2019,Black,154,77,0.5,0.4219976741976088,0.5780023258023912,0.5382925848913711,0.4562805518541664,0.6203046179285758,1.0,common pooled age-sex distribution among record-axis coded deaths within regime
single_race,2020,Black,140,85,0.6071428571428571,0.5244180870426445,0.6841448700210526,,,,0.9953802155899392,not_estimable: common regime weight has zero-denominator cell; crude result retained
single_race,2021,Black,174,101,0.5804597701149425,0.5061731895200406,0.6512704132578164,,,,0.993546967808169,not_estimable: common regime weight has zero-denominator cell; crude result retained
single_race,2022,Black,174,88,0.5057471264367817,0.43214224635063736,0.5791037252763526,0.5492219759903268,0.4720728840419213,0.6263710679387324,1.0,common pooled age-sex distribution among record-axis coded deaths within regime
single_race,2023,Black,170,82,0.4823529411764706,0.40846206851341693,0.5570237250325943,,,,0.9908337610911491,not_estimable: common regime weight has zero-denominator cell; crude result retained
single_race,2024,Black,167,81,0.48502994011976047,0.4104235451977984,0.560309554165116,0.5007588976451802,0.419907978991921,0.5816098162984394,1.0,common pooled age-sex distribution among record-axis coded deaths within regime
single_race,2018,AIAN,22,9,0.4090909090909091,0.23255816196471868,0.6126518152368488,,,,0.8361809782210163,not_estimable: common regime weight has zero-denominator cell; crude result retained
single_race,2019,AIAN,18,12,0.6666666666666666,0.437494672959451,0.8372122524916631,,,,0.8262814401994574,not_estimable: common regime weight has zero-denominator cell; crude result retained
single_race,2020,AIAN,27,11,0.4074074074074074,0.24514757074395555,0.592732990319353,,,,0.9533621764317665,not_estimable: common regime weight has zero-denominator cell; crude result retained
single_race,2021,AIAN,26,17,0.6538461538461539,0.4622057118881082,0.8058776967705947,,,,0.9836474297866099,not_estimable: common regime weight has zero-denominator cell; crude result retained
single_race,2022,AIAN,25,13,0.52,0.33498516950356777,0.6996871404588704,,,,0.9790276453765491,not_estimable: common regime weight has zero-denominator cell; crude result retained
single_race,2023,AIAN,27,11,0.4074074074074074,0.24514757074395555,0.592732990319353,,,,0.9142773337244262,not_estimable: common regime weight has zero-denominator cell; crude result retained
single_race,2024,AIAN,31,16,0.5161290322580645,0.348403954480288,0.6802974843758269,,,,0.9480824228202683,not_estimable: common regime weight has zero-denominator cell; crude result retained
single_race,2018,Asian,71,48,0.676056338028169,0.5606115705582947,0.7734278828935044,,,,0.9615017965828261,not_estimable: common regime weight has zero-denominator cell; crude result retained
single_race,2019,Asian,91,57,0.6263736263736264,0.5237596521778156,0.7187503248511488,,,,0.9797609444892572,not_estimable: common regime weight has zero-denominator cell; crude result retained
single_race,2020,Asian,66,34,0.5151515151515151,0.3971059128571724,0.6315303732939324,,,,0.975287819901738,not_estimable: common regime weight has zero-denominator cell; crude result retained
single_race,2021,Asian,95,57,0.6,0.49945602855273474,0.6927710007393706,,,,0.9261567793502969,not_estimable: common regime weight has zero-denominator cell; crude result retained
single_race,2022,Asian,96,58,0.6041666666666666,0.5041511204834945,0.6961664653794899,,,,0.9582019505756398,not_estimable: common regime weight has zero-denominator cell; crude result retained
single_race,2023,Asian,92,55,0.5978260869565217,0.49565975089204156,0.692150412073815,,,,0.9763144386595293,not_estimable: common regime weight has zero-denominator cell; crude result retained
single_race,2024,Asian,88,57,0.6477272727272727,0.5436598679108756,0.7394366805744971,,,,0.9516022585612671,not_estimable: common regime weight has zero-denominator cell; crude result retained
single_race,2018,NHOPI,2,1,0.5,0.09453120573423071,0.9054687942657693,,,,0.2689007846300506,not_estimable: common regime weight has zero-denominator cell; crude result retained
single_race,2019,NHOPI,7,5,0.7142857142857143,0.35893445183261935,0.9177810759959434,,,,0.621984307398988,not_estimable: common regime weight has zero-denominator cell; crude result retained
single_race,2020,NHOPI,2,2,1.0,0.3423802275066531,1.0,,,,0.23707560313852022,not_estimable: common regime weight has zero-denominator cell; crude result retained
single_race,2021,NHOPI,0,0,,,,,,,0.0,not_estimable: common regime weight has zero-denominator cell; crude result retained
single_race,2022,NHOPI,11,4,0.36363636363636365,0.15166471095367573,0.6461988254921511,,,,0.7595512209430226,not_estimable: common regime weight has zero-denominator cell; crude result retained
single_race,2023,NHOPI,4,3,0.75,0.3006418425824019,0.9544127391902995,,,,0.37280926890078464,not_estimable: common regime weight has zero-denominator cell; crude result retained
single_race,2024,NHOPI,6,1,0.16666666666666666,0.030053369748306632,0.5635028221864702,,,,0.41981374202537214,not_estimable: common regime weight has zero-denominator cell; crude result retained
single_race,2018,Multiple,9,3,0.3333333333333333,0.1205838183869109,0.6457978644196036,,,,0.6052650876292439,not_estimable: common regime weight has zero-denominator cell; crude result retained
single_race,2019,Multiple,15,9,0.6,0.35746830120624606,0.8017550385865843,,,,0.9326098115421281,not_estimable: common regime weight has zero-denominator cell; crude result retained
single_race,2020,Multiple,10,4,0.4,0.16818032970623617,0.6873262302663417,,,,0.8978514335997654,not_estimable: common regime weight has zero-denominator cell; crude result retained
single_race,2021,Multiple,10,6,0.6,0.3126737697336583,0.8318196702937638,,,,0.4966634890371783,not_estimable: common regime weight has zero-denominator cell; crude result retained
single_race,2022,Multiple,11,5,0.45454545454545453,0.21271271622459764,0.719908462590678,,,,0.7994426926743419,not_estimable: common regime weight has zero-denominator cell; crude result retained
single_race,2023,Multiple,14,6,0.42857142857142855,0.2138079890447412,0.6740935542034925,,,,0.7364522988927183,not_estimable: common regime weight has zero-denominator cell; crude result retained
single_race,2024,Multiple,16,8,0.5,0.27999563610326017,0.7200043638967398,,,,0.9005646403167852,not_estimable: common regime weight has zero-denominator cell; crude result retained
