destination,std_probability_1999,CI_lo_1999,CI_hi_1999,std_probability_2024,CI_lo_2024,CI_hi_2024,RD_2024_minus_1999,RD_CI_lo,RD_CI_hi,RR_2024_over_1999,RR_CI_lo,RR_CI_hi,inference_note
CIRCULATORY,0.41446508442376095,0.38722435108031295,0.44170581776720896,0.23115532010980272,0.2037235952159332,0.25858704500367224,-0.18330976431395823,-0.2219692661697993,-0.14465026245811716,0.5577196458688011,0.4869683689496395,0.6387503238843604,"Fixed common age-sex weights; independent-year stratified-binomial approximation. Destination categories are compositional and correlated across categories; each single-category contrast is valid as reported, but no between-category independence is assumed."
DIABETES_NUTRITIONAL,0.0371115461561087,0.02621543461002852,0.04800765770218887,0.050514692257134376,0.03626031039085953,0.06476907412340922,0.013403146101025679,-0.00453877824432276,0.03134507044637412,1.3611583857122447,0.9058450023508164,2.045330212328343,"Fixed common age-sex weights; independent-year stratified-binomial approximation. Destination categories are compositional and correlated across categories; each single-category contrast is valid as reported, but no between-category independence is assumed."
DIGESTIVE_OTHER,0.053671466038774165,0.03976837059697398,0.06757456148057435,0.08226401280237039,0.06467121514222095,0.09985681046251983,0.028592546763596224,0.006169286688960225,0.051015806838232224,1.5327327325648223,1.0954220195304152,2.1446251650872514,"Fixed common age-sex weights; independent-year stratified-binomial approximation. Destination categories are compositional and correlated across categories; each single-category contrast is valid as reported, but no between-category independence is assumed."
EXTERNAL,0.020919819922184786,0.012505694517334909,0.029333945327034663,0.02736077996484654,0.017020206488305403,0.03770135344138768,0.006440960042661755,-0.006890392707614048,0.019772312792937556,1.3078879295624972,0.7531450540255292,2.2712368980614626,"Fixed common age-sex weights; independent-year stratified-binomial approximation. Destination categories are compositional and correlated across categories; each single-category contrast is valid as reported, but no between-category independence is assumed."
INFECTIOUS_PARASITIC,0.055754817742093385,0.042307613634369745,0.06920202184981702,0.055797542761774975,0.04089320557237696,0.07070187995117298,4.272501968159009e-05,-0.02003130211415611,0.02011675215351929,1.0007663018446087,0.6982883424412322,1.4342688113714617,"Fixed common age-sex weights; independent-year stratified-binomial approximation. Destination categories are compositional and correlated across categories; each single-category contrast is valid as reported, but no between-category independence is assumed."
NEOPLASMS,0.15374921437709804,0.13281962716194934,0.17467880159224675,0.17372585128242216,0.14897828875755628,0.19847341380728803,0.019976636905324113,-0.012434618422395946,0.05238789223304417,1.1299300096345712,0.9278540865115553,1.3760157391480994,"Fixed common age-sex weights; independent-year stratified-binomial approximation. Destination categories are compositional and correlated across categories; each single-category contrast is valid as reported, but no between-category independence is assumed."
OTHER,0.1816280383363244,0.1596804724986594,0.2035756041739894,0.2905272441894197,0.2610190508260505,0.32003543755278896,0.10889920585309532,0.07212381840756829,0.14567459329862234,1.5995726587733354,1.3659944586734991,1.8730915593756177,"Fixed common age-sex weights; independent-year stratified-binomial approximation. Destination categories are compositional and correlated across categories; each single-category contrast is valid as reported, but no between-category independence is assumed."
OTHER_GALLBLADDER_BILIARY,0.014084712268830919,0.007524617061106437,0.0206448074765554,0.02236473259452703,0.01271694027118893,0.03201252491786513,0.008280020325696111,-0.0033868021143974754,0.0199468427657897,1.5878728771775885,0.8416029410029537,2.9958786397199435,"Fixed common age-sex weights; independent-year stratified-binomial approximation. Destination categories are compositional and correlated across categories; each single-category contrast is valid as reported, but no between-category independence is assumed."
RESPIRATORY,0.06861530073482464,0.054499593529444765,0.0827310079402045,0.0662898240377021,0.04993826189226017,0.08264138618314404,-0.0023254766971225332,-0.023927022347937952,0.019276068953692885,0.966108482040912,0.7007003856869372,1.3320466466653402,"Fixed common age-sex weights; independent-year stratified-binomial approximation. Destination categories are compositional and correlated across categories; each single-category contrast is valid as reported, but no between-category independence is assumed."
