year,destination,ucd,raw_n,gap_denominator,raw_probability
1999,OTHER,D570,1,1303,0.0007674597083653108
1999,OTHER,D571,1,1303,0.0007674597083653108
1999,OTHER,D619,1,1303,0.0007674597083653108
1999,OTHER,D649,2,1303,0.0015349194167306216
1999,OTHER,D65,3,1303,0.0023023791250959325
1999,OTHER,D66,1,1303,0.0007674597083653108
1999,OTHER,D696,1,1303,0.0007674597083653108
1999,OTHER,D731,1,1303,0.0007674597083653108
1999,OTHER,E039,1,1303,0.0007674597083653108
1999,OTHER,E059,2,1303,0.0015349194167306216
1999,OTHER,E249,1,1303,0.0007674597083653108
1999,OTHER,E668,3,1303,0.0023023791250959325
1999,OTHER,E669,2,1303,0.0015349194167306216
1999,OTHER,E785,2,1303,0.0015349194167306216
1999,OTHER,E831,1,1303,0.0007674597083653108
1999,OTHER,E86,5,1303,0.003837298541826554
1999,OTHER,E889,1,1303,0.0007674597083653108
1999,OTHER,F03,14,1303,0.010744435917114352
1999,OTHER,F101,1,1303,0.0007674597083653108
1999,OTHER,F109,1,1303,0.0007674597083653108
1999,OTHER,F508,1,1303,0.0007674597083653108
1999,OTHER,F72,1,1303,0.0007674597083653108
1999,OTHER,F79,1,1303,0.0007674597083653108
1999,OTHER,G009,1,1303,0.0007674597083653108
1999,OTHER,G09,1,1303,0.0007674597083653108
1999,OTHER,G111,1,1303,0.0007674597083653108
1999,OTHER,G122,1,1303,0.0007674597083653108
1999,OTHER,G20,3,1303,0.0023023791250959325
1999,OTHER,G309,17,1303,0.013046815042210284
1999,OTHER,G312,1,1303,0.0007674597083653108
1999,OTHER,G35,1,1303,0.0007674597083653108
1999,OTHER,G809,1,1303,0.0007674597083653108
1999,OTHER,G918,1,1303,0.0007674597083653108
1999,OTHER,G919,2,1303,0.0015349194167306216
1999,OTHER,G931,2,1303,0.0015349194167306216
1999,OTHER,K219,1,1303,0.0007674597083653108
1999,OTHER,K220,1,1303,0.0007674597083653108
1999,OTHER,K295,1,1303,0.0007674597083653108
1999,OTHER,K296,1,1303,0.0007674597083653108
1999,OTHER,K520,1,1303,0.0007674597083653108
1999,OTHER,K529,2,1303,0.0015349194167306216
1999,OTHER,K550,8,1303,0.0061396776669224865
1999,OTHER,K551,2,1303,0.0015349194167306216
1999,OTHER,K559,6,1303,0.004604758250191865
1999,OTHER,K560,1,1303,0.0007674597083653108
1999,OTHER,K562,2,1303,0.0015349194167306216
1999,OTHER,K563,11,1303,0.00844205679201842
1999,OTHER,K564,1,1303,0.0007674597083653108
1999,OTHER,K565,2,1303,0.0015349194167306216
1999,OTHER,K566,5,1303,0.003837298541826554
1999,OTHER,K572,1,1303,0.0007674597083653108
1999,OTHER,K579,4,1303,0.0030698388334612432
1999,OTHER,K593,1,1303,0.0007674597083653108
1999,OTHER,K639,2,1303,0.0015349194167306216
1999,OTHER,K660,1,1303,0.0007674597083653108
1999,OTHER,K729,1,1303,0.0007674597083653108
1999,OTHER,K759,2,1303,0.0015349194167306216
1999,OTHER,K767,2,1303,0.0015349194167306216
1999,OTHER,K768,1,1303,0.0007674597083653108
1999,OTHER,K769,3,1303,0.0023023791250959325
1999,OTHER,K85,38,1303,0.02916346891788181
1999,OTHER,K860,1,1303,0.0007674597083653108
1999,OTHER,K901,1,1303,0.0007674597083653108
1999,OTHER,L89,1,1303,0.0007674597083653108
1999,OTHER,M069,2,1303,0.0015349194167306216
1999,OTHER,M199,1,1303,0.0007674597083653108
1999,OTHER,M311,1,1303,0.0007674597083653108
1999,OTHER,M313,1,1303,0.0007674597083653108
1999,OTHER,M321,1,1303,0.0007674597083653108
1999,OTHER,M419,1,1303,0.0007674597083653108
1999,OTHER,M725,1,1303,0.0007674597083653108
1999,OTHER,M869,1,1303,0.0007674597083653108
1999,OTHER,N039,1,1303,0.0007674597083653108
1999,OTHER,N059,1,1303,0.0007674597083653108
1999,OTHER,N12,3,1303,0.0023023791250959325
1999,OTHER,N132,1,1303,0.0007674597083653108
1999,OTHER,N133,1,1303,0.0007674597083653108
1999,OTHER,N139,2,1303,0.0015349194167306216
1999,OTHER,N179,5,1303,0.003837298541826554
1999,OTHER,N180,1,1303,0.0007674597083653108
1999,OTHER,N189,2,1303,0.0015349194167306216
1999,OTHER,N19,10,1303,0.007674597083653108
1999,OTHER,N200,1,1303,0.0007674597083653108
1999,OTHER,N201,1,1303,0.0007674597083653108
1999,OTHER,N319,1,1303,0.0007674597083653108
1999,OTHER,N390,7,1303,0.005372217958557176
1999,OTHER,N40,1,1303,0.0007674597083653108
1999,OTHER,P350,1,1303,0.0007674597083653108
1999,OTHER,Q218,1,1303,0.0007674597083653108
1999,OTHER,Q613,1,1303,0.0007674597083653108
1999,OTHER,R99,1,1303,0.0007674597083653108
1999,OTHER,Y839,3,1303,0.0023023791250959325
2000,OTHER,D589,1,1243,0.0008045052292839903
2000,OTHER,D610,1,1243,0.0008045052292839903
2000,OTHER,D619,2,1243,0.0016090104585679806
2000,OTHER,D649,3,1243,0.002413515687851971
2000,OTHER,D696,1,1243,0.0008045052292839903
2000,OTHER,D70,1,1243,0.0008045052292839903
2000,OTHER,D735,1,1243,0.0008045052292839903
2000,OTHER,D758,1,1243,0.0008045052292839903
2000,OTHER,E039,1,1243,0.0008045052292839903
2000,OTHER,E065,1,1243,0.0008045052292839903
2000,OTHER,E272,1,1243,0.0008045052292839903
2000,OTHER,E662,1,1243,0.0008045052292839903
2000,OTHER,E668,1,1243,0.0008045052292839903
2000,OTHER,E743,1,1243,0.0008045052292839903
2000,OTHER,E780,2,1243,0.0016090104585679806
2000,OTHER,E781,2,1243,0.0016090104585679806
2000,OTHER,E785,2,1243,0.0016090104585679806
2000,OTHER,E831,2,1243,0.0016090104585679806
2000,OTHER,E848,2,1243,0.0016090104585679806
2000,OTHER,E86,1,1243,0.0008045052292839903
2000,OTHER,E872,1,1243,0.0008045052292839903
2000,OTHER,E878,1,1243,0.0008045052292839903
2000,OTHER,E889,1,1243,0.0008045052292839903
2000,OTHER,F03,8,1243,0.006436041834271922
2000,OTHER,F107,1,1243,0.0008045052292839903
2000,OTHER,F109,1,1243,0.0008045052292839903
2000,OTHER,F453,1,1243,0.0008045052292839903
2000,OTHER,G122,2,1243,0.0016090104585679806
2000,OTHER,G20,4,1243,0.003218020917135961
2000,OTHER,G301,2,1243,0.0016090104585679806
2000,OTHER,G309,17,1243,0.013676588897827836
2000,OTHER,G35,3,1243,0.002413515687851971
2000,OTHER,G372,1,1243,0.0008045052292839903
2000,OTHER,G610,1,1243,0.0008045052292839903
2000,OTHER,G700,1,1243,0.0008045052292839903
2000,OTHER,G712,1,1243,0.0008045052292839903
2000,OTHER,G819,1,1243,0.0008045052292839903
2000,OTHER,G919,1,1243,0.0008045052292839903
2000,OTHER,G92,1,1243,0.0008045052292839903
2000,OTHER,G931,4,1243,0.003218020917135961
2000,OTHER,G959,1,1243,0.0008045052292839903
2000,OTHER,K219,2,1243,0.0016090104585679806
2000,OTHER,K223,2,1243,0.0016090104585679806
2000,OTHER,K296,1,1243,0.0008045052292839903
2000,OTHER,K318,1,1243,0.0008045052292839903
2000,OTHER,K529,1,1243,0.0008045052292839903
2000,OTHER,K550,2,1243,0.0016090104585679806
2000,OTHER,K559,8,1243,0.006436041834271922
2000,OTHER,K560,2,1243,0.0016090104585679806
2000,OTHER,K563,12,1243,0.009654062751407884
2000,OTHER,K566,2,1243,0.0016090104585679806
2000,OTHER,K567,1,1243,0.0008045052292839903
2000,OTHER,K572,2,1243,0.0016090104585679806
2000,OTHER,K578,1,1243,0.0008045052292839903
2000,OTHER,K579,1,1243,0.0008045052292839903
2000,OTHER,K629,1,1243,0.0008045052292839903
2000,OTHER,K729,2,1243,0.0016090104585679806
2000,OTHER,K759,2,1243,0.0016090104585679806
2000,OTHER,K767,3,1243,0.002413515687851971
2000,OTHER,K85,28,1243,0.02252614641995173
2000,OTHER,K861,2,1243,0.0016090104585679806
2000,OTHER,L039,1,1243,0.0008045052292839903
2000,OTHER,L89,1,1243,0.0008045052292839903
2000,OTHER,M069,5,1243,0.004022526146419952
2000,OTHER,M109,1,1243,0.0008045052292839903
2000,OTHER,M199,3,1243,0.002413515687851971
2000,OTHER,M311,2,1243,0.0016090104585679806
2000,OTHER,M332,1,1243,0.0008045052292839903
2000,OTHER,M819,1,1243,0.0008045052292839903
2000,OTHER,M869,1,1243,0.0008045052292839903
2000,OTHER,N12,2,1243,0.0016090104585679806
2000,OTHER,N179,3,1243,0.002413515687851971
2000,OTHER,N180,5,1243,0.004022526146419952
2000,OTHER,N189,3,1243,0.002413515687851971
2000,OTHER,N19,5,1243,0.004022526146419952
2000,OTHER,N200,3,1243,0.002413515687851971
2000,OTHER,N390,8,1243,0.006436041834271922
2000,OTHER,N40,2,1243,0.0016090104585679806
2000,OTHER,N832,1,1243,0.0008045052292839903
2000,OTHER,Q210,1,1243,0.0008045052292839903
2000,OTHER,Q248,2,1243,0.0016090104585679806
2000,OTHER,R99,1,1243,0.0008045052292839903
2000,OTHER,Y838,1,1243,0.0008045052292839903
2001,OTHER,D571,2,1251,0.0015987210231814548
2001,OTHER,D589,2,1251,0.0015987210231814548
2001,OTHER,D591,1,1251,0.0007993605115907274
2001,OTHER,D66,1,1251,0.0007993605115907274
2001,OTHER,D689,1,1251,0.0007993605115907274
2001,OTHER,D891,1,1251,0.0007993605115907274
2001,OTHER,E039,3,1251,0.002398081534772182
2001,OTHER,E059,2,1251,0.0015987210231814548
2001,OTHER,E279,1,1251,0.0007993605115907274
2001,OTHER,E668,4,1251,0.0031974420463629096
2001,OTHER,E669,3,1251,0.002398081534772182
2001,OTHER,E780,2,1251,0.0015987210231814548
2001,OTHER,E785,6,1251,0.004796163069544364
2001,OTHER,E854,1,1251,0.0007993605115907274
2001,OTHER,E859,2,1251,0.0015987210231814548
2001,OTHER,E86,3,1251,0.002398081534772182
2001,OTHER,E870,1,1251,0.0007993605115907274
2001,OTHER,E871,1,1251,0.0007993605115907274
2001,OTHER,E872,1,1251,0.0007993605115907274
2001,OTHER,E878,2,1251,0.0015987210231814548
2001,OTHER,F03,14,1251,0.011191047162270184
2001,OTHER,F100,1,1251,0.0007993605115907274
2001,OTHER,F101,4,1251,0.0031974420463629096
2001,OTHER,F179,1,1251,0.0007993605115907274
2001,OTHER,F191,2,1251,0.0015987210231814548
2001,OTHER,F202,1,1251,0.0007993605115907274
2001,OTHER,F220,1,1251,0.0007993605115907274
2001,OTHER,F322,1,1251,0.0007993605115907274
2001,OTHER,F329,1,1251,0.0007993605115907274
2001,OTHER,G122,1,1251,0.0007993605115907274
2001,OTHER,G20,5,1251,0.003996802557953637
2001,OTHER,G309,19,1251,0.015187849720223821
2001,OTHER,G312,1,1251,0.0007993605115907274
2001,OTHER,G35,1,1251,0.0007993605115907274
2001,OTHER,G629,1,1251,0.0007993605115907274
2001,OTHER,G838,1,1251,0.0007993605115907274
2001,OTHER,G931,1,1251,0.0007993605115907274
2001,OTHER,G934,2,1251,0.0015987210231814548
2001,OTHER,H540,1,1251,0.0007993605115907274
2001,OTHER,K20,1,1251,0.0007993605115907274
2001,OTHER,K219,3,1251,0.002398081534772182
2001,OTHER,K223,1,1251,0.0007993605115907274
2001,OTHER,K229,1,1251,0.0007993605115907274
2001,OTHER,K297,1,1251,0.0007993605115907274
2001,OTHER,K519,1,1251,0.0007993605115907274
2001,OTHER,K529,1,1251,0.0007993605115907274
2001,OTHER,K550,3,1251,0.002398081534772182
2001,OTHER,K559,10,1251,0.007993605115907274
2001,OTHER,K563,11,1251,0.008792965627498001
2001,OTHER,K565,1,1251,0.0007993605115907274
2001,OTHER,K566,4,1251,0.0031974420463629096
2001,OTHER,K572,2,1251,0.0015987210231814548
2001,OTHER,K578,3,1251,0.002398081534772182
2001,OTHER,K579,3,1251,0.002398081534772182
2001,OTHER,K631,2,1251,0.0015987210231814548
2001,OTHER,K638,1,1251,0.0007993605115907274
2001,OTHER,K729,2,1251,0.0015987210231814548
2001,OTHER,K750,3,1251,0.002398081534772182
2001,OTHER,K759,3,1251,0.002398081534772182
2001,OTHER,K760,1,1251,0.0007993605115907274
2001,OTHER,K769,3,1251,0.002398081534772182
2001,OTHER,K85,34,1251,0.02717825739408473
2001,OTHER,K860,2,1251,0.0015987210231814548
2001,OTHER,K861,4,1251,0.0031974420463629096
2001,OTHER,K869,1,1251,0.0007993605115907274
2001,OTHER,M069,3,1251,0.002398081534772182
2001,OTHER,M349,1,1251,0.0007993605115907274
2001,OTHER,M462,1,1251,0.0007993605115907274
2001,OTHER,M480,1,1251,0.0007993605115907274
2001,OTHER,M809,3,1251,0.002398081534772182
2001,OTHER,M819,4,1251,0.0031974420463629096
2001,OTHER,N12,1,1251,0.0007993605115907274
2001,OTHER,N133,1,1251,0.0007993605115907274
2001,OTHER,N135,1,1251,0.0007993605115907274
2001,OTHER,N151,1,1251,0.0007993605115907274
2001,OTHER,N179,5,1251,0.003996802557953637
2001,OTHER,N180,1,1251,0.0007993605115907274
2001,OTHER,N189,2,1251,0.0015987210231814548
2001,OTHER,N19,4,1251,0.0031974420463629096
2001,OTHER,N200,1,1251,0.0007993605115907274
2001,OTHER,N209,1,1251,0.0007993605115907274
2001,OTHER,N210,1,1251,0.0007993605115907274
2001,OTHER,N288,1,1251,0.0007993605115907274
2001,OTHER,N390,9,1251,0.007194244604316547
2001,OTHER,N920,1,1251,0.0007993605115907274
2001,OTHER,Q273,1,1251,0.0007993605115907274
2001,OTHER,Q445,1,1251,0.0007993605115907274
2001,OTHER,Q613,1,1251,0.0007993605115907274
2001,OTHER,Y467,1,1251,0.0007993605115907274
2001,OTHER,Y831,1,1251,0.0007993605115907274
2001,OTHER,Y836,1,1251,0.0007993605115907274
2001,OTHER,Y839,1,1251,0.0007993605115907274
2001,OTHER,Y841,1,1251,0.0007993605115907274
2002,OTHER,D570,2,1189,0.001682085786375105
2002,OTHER,D571,1,1189,0.0008410428931875525
2002,OTHER,D589,1,1189,0.0008410428931875525
2002,OTHER,D619,1,1189,0.0008410428931875525
2002,OTHER,D649,1,1189,0.0008410428931875525
2002,OTHER,D689,2,1189,0.001682085786375105
2002,OTHER,D869,1,1189,0.0008410428931875525
2002,OTHER,E222,1,1189,0.0008410428931875525
2002,OTHER,E340,1,1189,0.0008410428931875525
2002,OTHER,E668,1,1189,0.0008410428931875525
2002,OTHER,E669,9,1189,0.007569386038687973
2002,OTHER,E780,1,1189,0.0008410428931875525
2002,OTHER,E785,3,1189,0.002523128679562658
2002,OTHER,E86,3,1189,0.002523128679562658
2002,OTHER,E870,1,1189,0.0008410428931875525
2002,OTHER,E872,1,1189,0.0008410428931875525
2002,OTHER,E889,1,1189,0.0008410428931875525
2002,OTHER,F03,14,1189,0.011774600504625737
2002,OTHER,F101,5,1189,0.004205214465937763
2002,OTHER,F102,3,1189,0.002523128679562658
2002,OTHER,F191,1,1189,0.0008410428931875525
2002,OTHER,F329,1,1189,0.0008410428931875525
2002,OTHER,G20,6,1189,0.005046257359125316
2002,OTHER,G309,19,1189,0.0159798149705635
2002,OTHER,G319,1,1189,0.0008410428931875525
2002,OTHER,G35,1,1189,0.0008410428931875525
2002,OTHER,G378,1,1189,0.0008410428931875525
2002,OTHER,G459,1,1189,0.0008410428931875525
2002,OTHER,G709,1,1189,0.0008410428931875525
2002,OTHER,G710,2,1189,0.001682085786375105
2002,OTHER,G809,1,1189,0.0008410428931875525
2002,OTHER,G92,1,1189,0.0008410428931875525
2002,OTHER,G934,3,1189,0.002523128679562658
2002,OTHER,G939,1,1189,0.0008410428931875525
2002,OTHER,G950,1,1189,0.0008410428931875525
2002,OTHER,G952,1,1189,0.0008410428931875525
2002,OTHER,K221,1,1189,0.0008410428931875525
2002,OTHER,K223,1,1189,0.0008410428931875525
2002,OTHER,K225,1,1189,0.0008410428931875525
2002,OTHER,K519,1,1189,0.0008410428931875525
2002,OTHER,K529,2,1189,0.001682085786375105
2002,OTHER,K550,6,1189,0.005046257359125316
2002,OTHER,K551,1,1189,0.0008410428931875525
2002,OTHER,K559,8,1189,0.00672834314550042
2002,OTHER,K562,1,1189,0.0008410428931875525
2002,OTHER,K563,15,1189,0.012615643397813289
2002,OTHER,K566,3,1189,0.002523128679562658
2002,OTHER,K578,2,1189,0.001682085786375105
2002,OTHER,K625,1,1189,0.0008410428931875525
2002,OTHER,K631,1,1189,0.0008410428931875525
2002,OTHER,K639,1,1189,0.0008410428931875525
2002,OTHER,K660,2,1189,0.001682085786375105
2002,OTHER,K661,1,1189,0.0008410428931875525
2002,OTHER,K668,1,1189,0.0008410428931875525
2002,OTHER,K729,5,1189,0.004205214465937763
2002,OTHER,K750,1,1189,0.0008410428931875525
2002,OTHER,K766,1,1189,0.0008410428931875525
2002,OTHER,K767,3,1189,0.002523128679562658
2002,OTHER,K769,1,1189,0.0008410428931875525
2002,OTHER,K85,40,1189,0.0336417157275021
2002,OTHER,K860,3,1189,0.002523128679562658
2002,OTHER,K861,5,1189,0.004205214465937763
2002,OTHER,L309,1,1189,0.0008410428931875525
2002,OTHER,M069,1,1189,0.0008410428931875525
2002,OTHER,M100,1,1189,0.0008410428931875525
2002,OTHER,M199,1,1189,0.0008410428931875525
2002,OTHER,M359,1,1189,0.0008410428931875525
2002,OTHER,M798,1,1189,0.0008410428931875525
2002,OTHER,N049,1,1189,0.0008410428931875525
2002,OTHER,N179,4,1189,0.00336417157275021
2002,OTHER,N180,5,1189,0.004205214465937763
2002,OTHER,N189,5,1189,0.004205214465937763
2002,OTHER,N19,7,1189,0.005887300252312868
2002,OTHER,N319,1,1189,0.0008410428931875525
2002,OTHER,N390,8,1189,0.00672834314550042
2002,OTHER,Q249,1,1189,0.0008410428931875525
2002,OTHER,Q909,1,1189,0.0008410428931875525
2002,OTHER,Y832,1,1189,0.0008410428931875525
2002,OTHER,Y836,1,1189,0.0008410428931875525
2003,OTHER,D593,1,1162,0.0008605851979345956
2003,OTHER,D649,2,1162,0.0017211703958691911
2003,OTHER,D689,3,1162,0.0025817555938037868
2003,OTHER,E039,1,1162,0.0008605851979345956
2003,OTHER,E049,1,1162,0.0008605851979345956
2003,OTHER,E274,1,1162,0.0008605851979345956
2003,OTHER,E668,4,1162,0.0034423407917383822
2003,OTHER,E669,2,1162,0.0017211703958691911
2003,OTHER,E722,1,1162,0.0008605851979345956
2003,OTHER,E780,1,1162,0.0008605851979345956
2003,OTHER,E785,8,1162,0.0068846815834767644
2003,OTHER,E86,1,1162,0.0008605851979345956
2003,OTHER,E880,1,1162,0.0008605851979345956
2003,OTHER,F03,11,1162,0.00946643717728055
2003,OTHER,F069,2,1162,0.0017211703958691911
2003,OTHER,F100,1,1162,0.0008605851979345956
2003,OTHER,F102,2,1162,0.0017211703958691911
2003,OTHER,F29,1,1162,0.0008605851979345956
2003,OTHER,F319,1,1162,0.0008605851979345956
2003,OTHER,G030,1,1162,0.0008605851979345956
2003,OTHER,G122,4,1162,0.0034423407917383822
2003,OTHER,G20,6,1162,0.0051635111876075735
2003,OTHER,G301,2,1162,0.0017211703958691911
2003,OTHER,G309,21,1162,0.018072289156626505
2003,OTHER,G319,1,1162,0.0008605851979345956
2003,OTHER,G35,1,1162,0.0008605851979345956
2003,OTHER,G473,1,1162,0.0008605851979345956
2003,OTHER,G709,1,1162,0.0008605851979345956
2003,OTHER,G711,1,1162,0.0008605851979345956
2003,OTHER,G931,1,1162,0.0008605851979345956
2003,OTHER,G934,1,1162,0.0008605851979345956
2003,OTHER,K219,1,1162,0.0008605851979345956
2003,OTHER,K222,1,1162,0.0008605851979345956
2003,OTHER,K30,1,1162,0.0008605851979345956
2003,OTHER,K311,1,1162,0.0008605851979345956
2003,OTHER,K315,1,1162,0.0008605851979345956
2003,OTHER,K318,1,1162,0.0008605851979345956
2003,OTHER,K319,1,1162,0.0008605851979345956
2003,OTHER,K529,1,1162,0.0008605851979345956
2003,OTHER,K550,4,1162,0.0034423407917383822
2003,OTHER,K559,6,1162,0.0051635111876075735
2003,OTHER,K563,14,1162,0.012048192771084338
2003,OTHER,K566,5,1162,0.004302925989672977
2003,OTHER,K567,2,1162,0.0017211703958691911
2003,OTHER,K572,1,1162,0.0008605851979345956
2003,OTHER,K578,1,1162,0.0008605851979345956
2003,OTHER,K579,2,1162,0.0017211703958691911
2003,OTHER,K590,1,1162,0.0008605851979345956
2003,OTHER,K593,1,1162,0.0008605851979345956
2003,OTHER,K630,1,1162,0.0008605851979345956
2003,OTHER,K638,1,1162,0.0008605851979345956
2003,OTHER,K658,1,1162,0.0008605851979345956
2003,OTHER,K729,2,1162,0.0017211703958691911
2003,OTHER,K750,3,1162,0.0025817555938037868
2003,OTHER,K759,1,1162,0.0008605851979345956
2003,OTHER,K760,2,1162,0.0017211703958691911
2003,OTHER,K767,2,1162,0.0017211703958691911
2003,OTHER,K85,41,1162,0.035283993115318414
2003,OTHER,K860,2,1162,0.0017211703958691911
2003,OTHER,K861,4,1162,0.0034423407917383822
2003,OTHER,L121,1,1162,0.0008605851979345956
2003,OTHER,L89,1,1162,0.0008605851979345956
2003,OTHER,M069,2,1162,0.0017211703958691911
2003,OTHER,M199,2,1162,0.0017211703958691911
2003,OTHER,M316,1,1162,0.0008605851979345956
2003,OTHER,M321,1,1162,0.0008605851979345956
2003,OTHER,M628,1,1162,0.0008605851979345956
2003,OTHER,M869,1,1162,0.0008605851979345956
2003,OTHER,N058,1,1162,0.0008605851979345956
2003,OTHER,N133,2,1162,0.0017211703958691911
2003,OTHER,N179,4,1162,0.0034423407917383822
2003,OTHER,N180,1,1162,0.0008605851979345956
2003,OTHER,N189,7,1162,0.006024096385542169
2003,OTHER,N19,6,1162,0.0051635111876075735
2003,OTHER,N390,10,1162,0.008605851979345954
2003,OTHER,N40,1,1162,0.0008605851979345956
2003,OTHER,Q245,2,1162,0.0017211703958691911
2003,OTHER,Q447,1,1162,0.0008605851979345956
2003,OTHER,Y848,2,1162,0.0017211703958691911
2003,OTHER,Y849,1,1162,0.0008605851979345956
2004,OTHER,D510,1,1062,0.0009416195856873823
2004,OTHER,D570,1,1062,0.0009416195856873823
2004,OTHER,D571,1,1062,0.0009416195856873823
2004,OTHER,D589,1,1062,0.0009416195856873823
2004,OTHER,D599,1,1062,0.0009416195856873823
2004,OTHER,D619,2,1062,0.0018832391713747645
2004,OTHER,D649,2,1062,0.0018832391713747645
2004,OTHER,D899,1,1062,0.0009416195856873823
2004,OTHER,E039,1,1062,0.0009416195856873823
2004,OTHER,E049,1,1062,0.0009416195856873823
2004,OTHER,E059,1,1062,0.0009416195856873823
2004,OTHER,E662,1,1062,0.0009416195856873823
2004,OTHER,E668,3,1062,0.002824858757062147
2004,OTHER,E669,1,1062,0.0009416195856873823
2004,OTHER,E780,1,1062,0.0009416195856873823
2004,OTHER,E785,1,1062,0.0009416195856873823
2004,OTHER,E854,1,1062,0.0009416195856873823
2004,OTHER,E86,1,1062,0.0009416195856873823
2004,OTHER,E870,1,1062,0.0009416195856873823
2004,OTHER,E876,1,1062,0.0009416195856873823
2004,OTHER,E880,1,1062,0.0009416195856873823
2004,OTHER,F03,9,1062,0.00847457627118644
2004,OTHER,F069,3,1062,0.002824858757062147
2004,OTHER,F101,1,1062,0.0009416195856873823
2004,OTHER,F102,3,1062,0.002824858757062147
2004,OTHER,F109,1,1062,0.0009416195856873823
2004,OTHER,F322,1,1062,0.0009416195856873823
2004,OTHER,G061,1,1062,0.0009416195856873823
2004,OTHER,G122,2,1062,0.0018832391713747645
2004,OTHER,G20,4,1062,0.003766478342749529
2004,OTHER,G301,3,1062,0.002824858757062147
2004,OTHER,G309,28,1062,0.026365348399246705
2004,OTHER,G319,1,1062,0.0009416195856873823
2004,OTHER,G35,2,1062,0.0018832391713747645
2004,OTHER,G710,2,1062,0.0018832391713747645
2004,OTHER,G931,3,1062,0.002824858757062147
2004,OTHER,G934,2,1062,0.0018832391713747645
2004,OTHER,K20,1,1062,0.0009416195856873823
2004,OTHER,K219,1,1062,0.0009416195856873823
2004,OTHER,K226,1,1062,0.0009416195856873823
2004,OTHER,K296,1,1062,0.0009416195856873823
2004,OTHER,K316,1,1062,0.0009416195856873823
2004,OTHER,K318,2,1062,0.0018832391713747645
2004,OTHER,K319,1,1062,0.0009416195856873823
2004,OTHER,K509,2,1062,0.0018832391713747645
2004,OTHER,K550,4,1062,0.003766478342749529
2004,OTHER,K559,9,1062,0.00847457627118644
2004,OTHER,K562,1,1062,0.0009416195856873823
2004,OTHER,K563,15,1062,0.014124293785310734
2004,OTHER,K566,5,1062,0.004708097928436911
2004,OTHER,K572,2,1062,0.0018832391713747645
2004,OTHER,K573,2,1062,0.0018832391713747645
2004,OTHER,K579,1,1062,0.0009416195856873823
2004,OTHER,K631,1,1062,0.0009416195856873823
2004,OTHER,K659,1,1062,0.0009416195856873823
2004,OTHER,K720,1,1062,0.0009416195856873823
2004,OTHER,K721,1,1062,0.0009416195856873823
2004,OTHER,K763,1,1062,0.0009416195856873823
2004,OTHER,K769,3,1062,0.002824858757062147
2004,OTHER,K85,31,1062,0.02919020715630885
2004,OTHER,K861,2,1062,0.0018832391713747645
2004,OTHER,L031,1,1062,0.0009416195856873823
2004,OTHER,M009,1,1062,0.0009416195856873823
2004,OTHER,M069,1,1062,0.0009416195856873823
2004,OTHER,M199,1,1062,0.0009416195856873823
2004,OTHER,M321,2,1062,0.0018832391713747645
2004,OTHER,M609,1,1062,0.0009416195856873823
2004,OTHER,M628,1,1062,0.0009416195856873823
2004,OTHER,M819,1,1062,0.0009416195856873823
2004,OTHER,N039,1,1062,0.0009416195856873823
2004,OTHER,N12,2,1062,0.0018832391713747645
2004,OTHER,N139,1,1062,0.0009416195856873823
2004,OTHER,N179,7,1062,0.006591337099811676
2004,OTHER,N180,4,1062,0.003766478342749529
2004,OTHER,N189,3,1062,0.002824858757062147
2004,OTHER,N19,7,1062,0.006591337099811676
2004,OTHER,N209,1,1062,0.0009416195856873823
2004,OTHER,N210,1,1062,0.0009416195856873823
2004,OTHER,N312,1,1062,0.0009416195856873823
2004,OTHER,N390,10,1062,0.009416195856873822
2004,OTHER,N429,1,1062,0.0009416195856873823
2004,OTHER,Q211,1,1062,0.0009416195856873823
2004,OTHER,Q273,1,1062,0.0009416195856873823
2004,OTHER,Q447,1,1062,0.0009416195856873823
2004,OTHER,Y608,1,1062,0.0009416195856873823
2004,OTHER,Y831,1,1062,0.0009416195856873823
2004,OTHER,Y836,1,1062,0.0009416195856873823
2004,OTHER,Y838,1,1062,0.0009416195856873823
2004,OTHER,Y883,1,1062,0.0009416195856873823
2005,OTHER,D500,1,1046,0.0009560229445506692
2005,OTHER,D589,1,1046,0.0009560229445506692
2005,OTHER,D65,1,1046,0.0009560229445506692
2005,OTHER,D689,1,1046,0.0009560229445506692
2005,OTHER,D696,1,1046,0.0009560229445506692
2005,OTHER,D728,1,1046,0.0009560229445506692
2005,OTHER,D819,1,1046,0.0009560229445506692
2005,OTHER,D869,2,1046,0.0019120458891013384
2005,OTHER,E049,1,1046,0.0009560229445506692
2005,OTHER,E050,1,1046,0.0009560229445506692
2005,OTHER,E059,1,1046,0.0009560229445506692
2005,OTHER,E162,1,1046,0.0009560229445506692
2005,OTHER,E668,4,1046,0.0038240917782026767
2005,OTHER,E669,1,1046,0.0009560229445506692
2005,OTHER,E780,1,1046,0.0009560229445506692
2005,OTHER,E781,1,1046,0.0009560229445506692
2005,OTHER,E785,4,1046,0.0038240917782026767
2005,OTHER,E835,1,1046,0.0009560229445506692
2005,OTHER,E86,1,1046,0.0009560229445506692
2005,OTHER,F011,3,1046,0.0028680688336520078
2005,OTHER,F019,2,1046,0.0019120458891013384
2005,OTHER,F03,13,1046,0.0124282982791587
2005,OTHER,F102,3,1046,0.0028680688336520078
2005,OTHER,F109,1,1046,0.0009560229445506692
2005,OTHER,F192,1,1046,0.0009560229445506692
2005,OTHER,F329,3,1046,0.0028680688336520078
2005,OTHER,F72,1,1046,0.0009560229445506692
2005,OTHER,G20,5,1046,0.004780114722753346
2005,OTHER,G301,1,1046,0.0009560229445506692
2005,OTHER,G309,27,1046,0.02581261950286807
2005,OTHER,G35,1,1046,0.0009560229445506692
2005,OTHER,G700,1,1046,0.0009560229445506692
2005,OTHER,G809,1,1046,0.0009560229445506692
2005,OTHER,G934,1,1046,0.0009560229445506692
2005,OTHER,K219,1,1046,0.0009560229445506692
2005,OTHER,K223,1,1046,0.0009560229445506692
2005,OTHER,K509,1,1046,0.0009560229445506692
2005,OTHER,K519,1,1046,0.0009560229445506692
2005,OTHER,K529,4,1046,0.0038240917782026767
2005,OTHER,K550,4,1046,0.0038240917782026767
2005,OTHER,K551,1,1046,0.0009560229445506692
2005,OTHER,K559,3,1046,0.0028680688336520078
2005,OTHER,K563,7,1046,0.006692160611854685
2005,OTHER,K566,4,1046,0.0038240917782026767
2005,OTHER,K567,3,1046,0.0028680688336520078
2005,OTHER,K572,1,1046,0.0009560229445506692
2005,OTHER,K578,2,1046,0.0019120458891013384
2005,OTHER,K579,2,1046,0.0019120458891013384
2005,OTHER,K631,2,1046,0.0019120458891013384
2005,OTHER,K720,1,1046,0.0009560229445506692
2005,OTHER,K729,2,1046,0.0019120458891013384
2005,OTHER,K767,1,1046,0.0009560229445506692
2005,OTHER,K768,1,1046,0.0009560229445506692
2005,OTHER,K769,4,1046,0.0038240917782026767
2005,OTHER,K85,41,1046,0.03919694072657744
2005,OTHER,K860,3,1046,0.0028680688336520078
2005,OTHER,L039,1,1046,0.0009560229445506692
2005,OTHER,M050,1,1046,0.0009560229445506692
2005,OTHER,M069,1,1046,0.0009560229445506692
2005,OTHER,M311,1,1046,0.0009560229445506692
2005,OTHER,M628,1,1046,0.0009560229445506692
2005,OTHER,M819,1,1046,0.0009560229445506692
2005,OTHER,M844,1,1046,0.0009560229445506692
2005,OTHER,M869,1,1046,0.0009560229445506692
2005,OTHER,M889,1,1046,0.0009560229445506692
2005,OTHER,N039,1,1046,0.0009560229445506692
2005,OTHER,N10,1,1046,0.0009560229445506692
2005,OTHER,N179,8,1046,0.0076481835564053535
2005,OTHER,N180,1,1046,0.0009560229445506692
2005,OTHER,N189,5,1046,0.004780114722753346
2005,OTHER,N19,5,1046,0.004780114722753346
2005,OTHER,N200,1,1046,0.0009560229445506692
2005,OTHER,N319,1,1046,0.0009560229445506692
2005,OTHER,N390,4,1046,0.0038240917782026767
2005,OTHER,Q224,1,1046,0.0009560229445506692
2005,OTHER,Q909,2,1046,0.0019120458891013384
2005,OTHER,Y606,1,1046,0.0009560229445506692
2005,OTHER,Y839,2,1046,0.0019120458891013384
2006,OTHER,D510,1,937,0.0010672358591248667
2006,OTHER,D589,1,937,0.0010672358591248667
2006,OTHER,D591,1,937,0.0010672358591248667
2006,OTHER,D610,1,937,0.0010672358591248667
2006,OTHER,D65,1,937,0.0010672358591248667
2006,OTHER,D696,1,937,0.0010672358591248667
2006,OTHER,E039,2,937,0.0021344717182497333
2006,OTHER,E660,1,937,0.0010672358591248667
2006,OTHER,E668,5,937,0.005336179295624333
2006,OTHER,E669,6,937,0.0064034151547491995
2006,OTHER,E780,2,937,0.0021344717182497333
2006,OTHER,E785,2,937,0.0021344717182497333
2006,OTHER,E854,1,937,0.0010672358591248667
2006,OTHER,E86,2,937,0.0021344717182497333
2006,OTHER,E878,3,937,0.0032017075773745998
2006,OTHER,F011,2,937,0.0021344717182497333
2006,OTHER,F019,2,937,0.0021344717182497333
2006,OTHER,F03,20,937,0.021344717182497332
2006,OTHER,F051,1,937,0.0010672358591248667
2006,OTHER,F179,1,937,0.0010672358591248667
2006,OTHER,F449,1,937,0.0010672358591248667
2006,OTHER,G119,1,937,0.0010672358591248667
2006,OTHER,G122,1,937,0.0010672358591248667
2006,OTHER,G20,7,937,0.007470651013874066
2006,OTHER,G309,23,937,0.02454642475987193
2006,OTHER,G310,1,937,0.0010672358591248667
2006,OTHER,G710,1,937,0.0010672358591248667
2006,OTHER,G711,1,937,0.0010672358591248667
2006,OTHER,G809,2,937,0.0021344717182497333
2006,OTHER,G822,1,937,0.0010672358591248667
2006,OTHER,G912,1,937,0.0010672358591248667
2006,OTHER,G931,2,937,0.0021344717182497333
2006,OTHER,G934,1,937,0.0010672358591248667
2006,OTHER,G936,1,937,0.0010672358591248667
2006,OTHER,K20,1,937,0.0010672358591248667
2006,OTHER,K222,1,937,0.0010672358591248667
2006,OTHER,K228,1,937,0.0010672358591248667
2006,OTHER,K229,1,937,0.0010672358591248667
2006,OTHER,K296,1,937,0.0010672358591248667
2006,OTHER,K318,1,937,0.0010672358591248667
2006,OTHER,K529,1,937,0.0010672358591248667
2006,OTHER,K550,2,937,0.0021344717182497333
2006,OTHER,K551,1,937,0.0010672358591248667
2006,OTHER,K559,3,937,0.0032017075773745998
2006,OTHER,K563,11,937,0.011739594450373533
2006,OTHER,K565,1,937,0.0010672358591248667
2006,OTHER,K566,5,937,0.005336179295624333
2006,OTHER,K567,2,937,0.0021344717182497333
2006,OTHER,K572,1,937,0.0010672358591248667
2006,OTHER,K631,2,937,0.0021344717182497333
2006,OTHER,K639,1,937,0.0010672358591248667
2006,OTHER,K661,1,937,0.0010672358591248667
2006,OTHER,K729,3,937,0.0032017075773745998
2006,OTHER,K759,2,937,0.0021344717182497333
2006,OTHER,K760,4,937,0.004268943436499467
2006,OTHER,K768,1,937,0.0010672358591248667
2006,OTHER,K769,3,937,0.0032017075773745998
2006,OTHER,K851,1,937,0.0010672358591248667
2006,OTHER,K852,3,937,0.0032017075773745998
2006,OTHER,K859,26,937,0.02774813233724653
2006,OTHER,K860,1,937,0.0010672358591248667
2006,OTHER,K861,1,937,0.0010672358591248667
2006,OTHER,L039,1,937,0.0010672358591248667
2006,OTHER,M199,3,937,0.0032017075773745998
2006,OTHER,M308,1,937,0.0010672358591248667
2006,OTHER,M549,1,937,0.0010672358591248667
2006,OTHER,M819,1,937,0.0010672358591248667
2006,OTHER,M869,1,937,0.0010672358591248667
2006,OTHER,N039,1,937,0.0010672358591248667
2006,OTHER,N179,4,937,0.004268943436499467
2006,OTHER,N180,4,937,0.004268943436499467
2006,OTHER,N189,1,937,0.0010672358591248667
2006,OTHER,N19,4,937,0.004268943436499467
2006,OTHER,N200,1,937,0.0010672358591248667
2006,OTHER,N289,2,937,0.0021344717182497333
2006,OTHER,N390,9,937,0.0096051227321238
2006,OTHER,Q613,1,937,0.0010672358591248667
2006,OTHER,Y831,1,937,0.0010672358591248667
2006,OTHER,Y838,1,937,0.0010672358591248667
2007,OTHER,D500,1,850,0.001176470588235294
2007,OTHER,D589,1,850,0.001176470588235294
2007,OTHER,D619,4,850,0.004705882352941176
2007,OTHER,D65,1,850,0.001176470588235294
2007,OTHER,D689,1,850,0.001176470588235294
2007,OTHER,D696,1,850,0.001176470588235294
2007,OTHER,D70,1,850,0.001176470588235294
2007,OTHER,D849,1,850,0.001176470588235294
2007,OTHER,D899,1,850,0.001176470588235294
2007,OTHER,E059,1,850,0.001176470588235294
2007,OTHER,E279,1,850,0.001176470588235294
2007,OTHER,E668,4,850,0.004705882352941176
2007,OTHER,E669,3,850,0.0035294117647058825
2007,OTHER,E778,1,850,0.001176470588235294
2007,OTHER,E780,1,850,0.001176470588235294
2007,OTHER,E785,3,850,0.0035294117647058825
2007,OTHER,E854,1,850,0.001176470588235294
2007,OTHER,E86,3,850,0.0035294117647058825
2007,OTHER,E871,1,850,0.001176470588235294
2007,OTHER,E872,1,850,0.001176470588235294
2007,OTHER,E889,1,850,0.001176470588235294
2007,OTHER,F011,1,850,0.001176470588235294
2007,OTHER,F019,3,850,0.0035294117647058825
2007,OTHER,F03,21,850,0.024705882352941175
2007,OTHER,F051,2,850,0.002352941176470588
2007,OTHER,G20,6,850,0.007058823529411765
2007,OTHER,G309,15,850,0.01764705882352941
2007,OTHER,G35,3,850,0.0035294117647058825
2007,OTHER,G473,1,850,0.001176470588235294
2007,OTHER,G711,1,850,0.001176470588235294
2007,OTHER,G825,2,850,0.002352941176470588
2007,OTHER,G912,1,850,0.001176470588235294
2007,OTHER,G934,1,850,0.001176470588235294
2007,OTHER,H051,1,850,0.001176470588235294
2007,OTHER,K219,2,850,0.002352941176470588
2007,OTHER,K519,1,850,0.001176470588235294
2007,OTHER,K529,3,850,0.0035294117647058825
2007,OTHER,K550,4,850,0.004705882352941176
2007,OTHER,K559,5,850,0.0058823529411764705
2007,OTHER,K562,1,850,0.001176470588235294
2007,OTHER,K563,9,850,0.010588235294117647
2007,OTHER,K564,1,850,0.001176470588235294
2007,OTHER,K566,3,850,0.0035294117647058825
2007,OTHER,K573,1,850,0.001176470588235294
2007,OTHER,K578,1,850,0.001176470588235294
2007,OTHER,K579,2,850,0.002352941176470588
2007,OTHER,K639,1,850,0.001176470588235294
2007,OTHER,K729,1,850,0.001176470588235294
2007,OTHER,K750,1,850,0.001176470588235294
2007,OTHER,K760,1,850,0.001176470588235294
2007,OTHER,K769,3,850,0.0035294117647058825
2007,OTHER,K851,1,850,0.001176470588235294
2007,OTHER,K852,1,850,0.001176470588235294
2007,OTHER,K859,29,850,0.03411764705882353
2007,OTHER,K861,2,850,0.002352941176470588
2007,OTHER,K869,2,850,0.002352941176470588
2007,OTHER,L024,1,850,0.001176470588235294
2007,OTHER,M139,1,850,0.001176470588235294
2007,OTHER,M199,1,850,0.001176470588235294
2007,OTHER,M311,1,850,0.001176470588235294
2007,OTHER,M321,1,850,0.001176470588235294
2007,OTHER,M348,1,850,0.001176470588235294
2007,OTHER,M350,1,850,0.001176470588235294
2007,OTHER,M622,1,850,0.001176470588235294
2007,OTHER,M623,1,850,0.001176470588235294
2007,OTHER,M726,1,850,0.001176470588235294
2007,OTHER,M844,1,850,0.001176470588235294
2007,OTHER,N039,1,850,0.001176470588235294
2007,OTHER,N132,1,850,0.001176470588235294
2007,OTHER,N179,4,850,0.004705882352941176
2007,OTHER,N180,2,850,0.002352941176470588
2007,OTHER,N189,8,850,0.009411764705882352
2007,OTHER,N19,2,850,0.002352941176470588
2007,OTHER,N390,9,850,0.010588235294117647
2007,OTHER,N40,2,850,0.002352941176470588
2007,OTHER,N809,1,850,0.001176470588235294
2007,OTHER,Y839,1,850,0.001176470588235294
2008,OTHER,D591,1,898,0.0011135857461024498
2008,OTHER,D649,1,898,0.0011135857461024498
2008,OTHER,D688,1,898,0.0011135857461024498
2008,OTHER,D695,1,898,0.0011135857461024498
2008,OTHER,D696,1,898,0.0011135857461024498
2008,OTHER,E274,1,898,0.0011135857461024498
2008,OTHER,E669,2,898,0.0022271714922048997
2008,OTHER,E785,4,898,0.004454342984409799
2008,OTHER,E86,1,898,0.0011135857461024498
2008,OTHER,E872,1,898,0.0011135857461024498
2008,OTHER,E878,1,898,0.0011135857461024498
2008,OTHER,F011,1,898,0.0011135857461024498
2008,OTHER,F019,3,898,0.0033407572383073497
2008,OTHER,F03,31,898,0.034521158129175944
2008,OTHER,F101,1,898,0.0011135857461024498
2008,OTHER,F102,1,898,0.0011135857461024498
2008,OTHER,F323,1,898,0.0011135857461024498
2008,OTHER,F329,1,898,0.0011135857461024498
2008,OTHER,F54,2,898,0.0022271714922048997
2008,OTHER,G20,4,898,0.004454342984409799
2008,OTHER,G309,28,898,0.031180400890868598
2008,OTHER,G318,1,898,0.0011135857461024498
2008,OTHER,G35,2,898,0.0022271714922048997
2008,OTHER,G373,1,898,0.0011135857461024498
2008,OTHER,G729,1,898,0.0011135857461024498
2008,OTHER,G822,2,898,0.0022271714922048997
2008,OTHER,G912,1,898,0.0011135857461024498
2008,OTHER,G92,1,898,0.0011135857461024498
2008,OTHER,G931,2,898,0.0022271714922048997
2008,OTHER,G934,1,898,0.0011135857461024498
2008,OTHER,G938,1,898,0.0011135857461024498
2008,OTHER,G939,1,898,0.0011135857461024498
2008,OTHER,K219,2,898,0.0022271714922048997
2008,OTHER,K223,1,898,0.0011135857461024498
2008,OTHER,K529,1,898,0.0011135857461024498
2008,OTHER,K550,2,898,0.0022271714922048997
2008,OTHER,K559,3,898,0.0033407572383073497
2008,OTHER,K563,8,898,0.008908685968819599
2008,OTHER,K565,2,898,0.0022271714922048997
2008,OTHER,K566,6,898,0.0066815144766146995
2008,OTHER,K570,1,898,0.0011135857461024498
2008,OTHER,K573,1,898,0.0011135857461024498
2008,OTHER,K578,2,898,0.0022271714922048997
2008,OTHER,K579,2,898,0.0022271714922048997
2008,OTHER,K631,2,898,0.0022271714922048997
2008,OTHER,K660,3,898,0.0033407572383073497
2008,OTHER,K661,1,898,0.0011135857461024498
2008,OTHER,K729,2,898,0.0022271714922048997
2008,OTHER,K750,2,898,0.0022271714922048997
2008,OTHER,K758,1,898,0.0011135857461024498
2008,OTHER,K760,1,898,0.0011135857461024498
2008,OTHER,K769,2,898,0.0022271714922048997
2008,OTHER,K859,40,898,0.044543429844097995
2008,OTHER,K901,1,898,0.0011135857461024498
2008,OTHER,L033,1,898,0.0011135857461024498
2008,OTHER,L89,1,898,0.0011135857461024498
2008,OTHER,M069,1,898,0.0011135857461024498
2008,OTHER,M311,1,898,0.0011135857461024498
2008,OTHER,M359,1,898,0.0011135857461024498
2008,OTHER,M726,1,898,0.0011135857461024498
2008,OTHER,M819,2,898,0.0022271714922048997
2008,OTHER,N039,3,898,0.0033407572383073497
2008,OTHER,N10,1,898,0.0011135857461024498
2008,OTHER,N12,1,898,0.0011135857461024498
2008,OTHER,N132,1,898,0.0011135857461024498
2008,OTHER,N170,1,898,0.0011135857461024498
2008,OTHER,N179,4,898,0.004454342984409799
2008,OTHER,N180,4,898,0.004454342984409799
2008,OTHER,N189,2,898,0.0022271714922048997
2008,OTHER,N19,5,898,0.005567928730512249
2008,OTHER,N200,1,898,0.0011135857461024498
2008,OTHER,N211,1,898,0.0011135857461024498
2008,OTHER,N288,1,898,0.0011135857461024498
2008,OTHER,N289,1,898,0.0011135857461024498
2008,OTHER,N390,6,898,0.0066815144766146995
2008,OTHER,Q610,1,898,0.0011135857461024498
2008,OTHER,Q613,1,898,0.0011135857461024498
2008,OTHER,Q676,1,898,0.0011135857461024498
2008,OTHER,Q851,1,898,0.0011135857461024498
2008,OTHER,Y831,1,898,0.0011135857461024498
2008,OTHER,Y839,1,898,0.0011135857461024498
2008,OTHER,Y848,1,898,0.0011135857461024498
2009,OTHER,D570,1,836,0.0011961722488038277
2009,OTHER,D571,1,836,0.0011961722488038277
2009,OTHER,D649,1,836,0.0011961722488038277
2009,OTHER,D65,2,836,0.0023923444976076554
2009,OTHER,D689,1,836,0.0011961722488038277
2009,OTHER,D696,1,836,0.0011961722488038277
2009,OTHER,D70,1,836,0.0011961722488038277
2009,OTHER,D762,1,836,0.0011961722488038277
2009,OTHER,E034,1,836,0.0011961722488038277
2009,OTHER,E039,2,836,0.0023923444976076554
2009,OTHER,E213,1,836,0.0011961722488038277
2009,OTHER,E668,3,836,0.0035885167464114833
2009,OTHER,E669,2,836,0.0023923444976076554
2009,OTHER,E780,2,836,0.0023923444976076554
2009,OTHER,E785,6,836,0.007177033492822967
2009,OTHER,E86,1,836,0.0011961722488038277
2009,OTHER,E889,1,836,0.0011961722488038277
2009,OTHER,F011,2,836,0.0023923444976076554
2009,OTHER,F019,2,836,0.0023923444976076554
2009,OTHER,F03,24,836,0.028708133971291867
2009,OTHER,F209,1,836,0.0011961722488038277
2009,OTHER,F329,1,836,0.0011961722488038277
2009,OTHER,F439,1,836,0.0011961722488038277
2009,OTHER,F79,1,836,0.0011961722488038277
2009,OTHER,G20,3,836,0.0035885167464114833
2009,OTHER,G210,1,836,0.0011961722488038277
2009,OTHER,G309,22,836,0.02631578947368421
2009,OTHER,G312,1,836,0.0011961722488038277
2009,OTHER,G931,3,836,0.0035885167464114833
2009,OTHER,G936,1,836,0.0011961722488038277
2009,OTHER,G939,1,836,0.0011961722488038277
2009,OTHER,G98,1,836,0.0011961722488038277
2009,OTHER,K20,1,836,0.0011961722488038277
2009,OTHER,K222,1,836,0.0011961722488038277
2009,OTHER,K224,1,836,0.0011961722488038277
2009,OTHER,K318,1,836,0.0011961722488038277
2009,OTHER,K509,1,836,0.0011961722488038277
2009,OTHER,K550,2,836,0.0023923444976076554
2009,OTHER,K559,6,836,0.007177033492822967
2009,OTHER,K562,2,836,0.0023923444976076554
2009,OTHER,K563,9,836,0.01076555023923445
2009,OTHER,K565,2,836,0.0023923444976076554
2009,OTHER,K566,3,836,0.0035885167464114833
2009,OTHER,K570,1,836,0.0011961722488038277
2009,OTHER,K572,1,836,0.0011961722488038277
2009,OTHER,K573,1,836,0.0011961722488038277
2009,OTHER,K579,5,836,0.005980861244019139
2009,OTHER,K611,1,836,0.0011961722488038277
2009,OTHER,K631,1,836,0.0011961722488038277
2009,OTHER,K729,6,836,0.007177033492822967
2009,OTHER,K754,1,836,0.0011961722488038277
2009,OTHER,K759,1,836,0.0011961722488038277
2009,OTHER,K760,1,836,0.0011961722488038277
2009,OTHER,K761,2,836,0.0023923444976076554
2009,OTHER,K769,2,836,0.0023923444976076554
2009,OTHER,K852,3,836,0.0035885167464114833
2009,OTHER,K859,34,836,0.04066985645933014
2009,OTHER,K862,1,836,0.0011961722488038277
2009,OTHER,K869,1,836,0.0011961722488038277
2009,OTHER,K902,1,836,0.0011961722488038277
2009,OTHER,K922,1,836,0.0011961722488038277
2009,OTHER,L022,1,836,0.0011961722488038277
2009,OTHER,L405,1,836,0.0011961722488038277
2009,OTHER,M050,1,836,0.0011961722488038277
2009,OTHER,M053,1,836,0.0011961722488038277
2009,OTHER,M069,1,836,0.0011961722488038277
2009,OTHER,M139,1,836,0.0011961722488038277
2009,OTHER,M311,1,836,0.0011961722488038277
2009,OTHER,M348,2,836,0.0023923444976076554
2009,OTHER,M402,1,836,0.0011961722488038277
2009,OTHER,M462,1,836,0.0011961722488038277
2009,OTHER,M622,1,836,0.0011961722488038277
2009,OTHER,M726,1,836,0.0011961722488038277
2009,OTHER,M728,1,836,0.0011961722488038277
2009,OTHER,N039,1,836,0.0011961722488038277
2009,OTHER,N170,2,836,0.0023923444976076554
2009,OTHER,N179,4,836,0.004784688995215311
2009,OTHER,N180,6,836,0.007177033492822967
2009,OTHER,N189,6,836,0.007177033492822967
2009,OTHER,N19,2,836,0.0023923444976076554
2009,OTHER,N200,1,836,0.0011961722488038277
2009,OTHER,N209,1,836,0.0011961722488038277
2009,OTHER,N390,6,836,0.007177033492822967
2009,OTHER,P000,1,836,0.0011961722488038277
2009,OTHER,P592,1,836,0.0011961722488038277
2009,OTHER,Y579,1,836,0.0011961722488038277
2009,OTHER,Y604,1,836,0.0011961722488038277
2009,OTHER,Y832,1,836,0.0011961722488038277
2009,OTHER,Y839,1,836,0.0011961722488038277
2010,OTHER,D571,1,786,0.001272264631043257
2010,OTHER,D589,1,786,0.001272264631043257
2010,OTHER,D619,1,786,0.001272264631043257
2010,OTHER,D649,1,786,0.001272264631043257
2010,OTHER,D693,1,786,0.001272264631043257
2010,OTHER,D696,1,786,0.001272264631043257
2010,OTHER,E039,2,786,0.002544529262086514
2010,OTHER,E059,1,786,0.001272264631043257
2010,OTHER,E162,1,786,0.001272264631043257
2010,OTHER,E668,5,786,0.006361323155216285
2010,OTHER,E669,2,786,0.002544529262086514
2010,OTHER,E780,1,786,0.001272264631043257
2010,OTHER,E781,1,786,0.001272264631043257
2010,OTHER,E785,5,786,0.006361323155216285
2010,OTHER,E848,1,786,0.001272264631043257
2010,OTHER,E870,1,786,0.001272264631043257
2010,OTHER,E872,1,786,0.001272264631043257
2010,OTHER,E880,1,786,0.001272264631043257
2010,OTHER,E889,1,786,0.001272264631043257
2010,OTHER,F019,6,786,0.007633587786259542
2010,OTHER,F03,31,786,0.039440203562340966
2010,OTHER,F101,1,786,0.001272264631043257
2010,OTHER,F103,1,786,0.001272264631043257
2010,OTHER,F191,1,786,0.001272264631043257
2010,OTHER,F54,1,786,0.001272264631043257
2010,OTHER,G20,3,786,0.003816793893129771
2010,OTHER,G309,16,786,0.020356234096692113
2010,OTHER,G310,1,786,0.001272264631043257
2010,OTHER,G35,1,786,0.001272264631043257
2010,OTHER,G409,1,786,0.001272264631043257
2010,OTHER,G419,1,786,0.001272264631043257
2010,OTHER,G473,1,786,0.001272264631043257
2010,OTHER,G711,1,786,0.001272264631043257
2010,OTHER,G809,1,786,0.001272264631043257
2010,OTHER,G912,2,786,0.002544529262086514
2010,OTHER,G931,1,786,0.001272264631043257
2010,OTHER,K291,1,786,0.001272264631043257
2010,OTHER,K297,1,786,0.001272264631043257
2010,OTHER,K529,1,786,0.001272264631043257
2010,OTHER,K550,5,786,0.006361323155216285
2010,OTHER,K559,3,786,0.003816793893129771
2010,OTHER,K563,8,786,0.010178117048346057
2010,OTHER,K565,2,786,0.002544529262086514
2010,OTHER,K566,1,786,0.001272264631043257
2010,OTHER,K572,1,786,0.001272264631043257
2010,OTHER,K579,1,786,0.001272264631043257
2010,OTHER,K631,1,786,0.001272264631043257
2010,OTHER,K711,1,786,0.001272264631043257
2010,OTHER,K729,1,786,0.001272264631043257
2010,OTHER,K760,1,786,0.001272264631043257
2010,OTHER,K761,1,786,0.001272264631043257
2010,OTHER,K767,2,786,0.002544529262086514
2010,OTHER,K769,3,786,0.003816793893129771
2010,OTHER,K852,1,786,0.001272264631043257
2010,OTHER,K859,39,786,0.04961832061068702
2010,OTHER,K860,1,786,0.001272264631043257
2010,OTHER,M069,4,786,0.005089058524173028
2010,OTHER,M348,1,786,0.001272264631043257
2010,OTHER,M549,1,786,0.001272264631043257
2010,OTHER,M628,2,786,0.002544529262086514
2010,OTHER,N039,2,786,0.002544529262086514
2010,OTHER,N12,1,786,0.001272264631043257
2010,OTHER,N133,1,786,0.001272264631043257
2010,OTHER,N170,1,786,0.001272264631043257
2010,OTHER,N179,2,786,0.002544529262086514
2010,OTHER,N180,1,786,0.001272264631043257
2010,OTHER,N189,1,786,0.001272264631043257
2010,OTHER,N19,3,786,0.003816793893129771
2010,OTHER,N200,2,786,0.002544529262086514
2010,OTHER,N289,2,786,0.002544529262086514
2010,OTHER,N390,4,786,0.005089058524173028
2010,OTHER,N40,1,786,0.001272264631043257
2010,OTHER,Q273,1,786,0.001272264631043257
2010,OTHER,Q396,1,786,0.001272264631043257
2010,OTHER,Q639,1,786,0.001272264631043257
2010,OTHER,Q909,2,786,0.002544529262086514
2010,OTHER,Y423,1,786,0.001272264631043257
2010,OTHER,Y604,2,786,0.002544529262086514
2010,OTHER,Y836,2,786,0.002544529262086514
2010,OTHER,Y842,1,786,0.001272264631043257
2011,OTHER,D570,1,804,0.0012437810945273632
2011,OTHER,D571,2,804,0.0024875621890547263
2011,OTHER,D580,1,804,0.0012437810945273632
2011,OTHER,D594,1,804,0.0012437810945273632
2011,OTHER,D619,2,804,0.0024875621890547263
2011,OTHER,D65,1,804,0.0012437810945273632
2011,OTHER,D66,1,804,0.0012437810945273632
2011,OTHER,D696,1,804,0.0012437810945273632
2011,OTHER,D869,1,804,0.0012437810945273632
2011,OTHER,E039,1,804,0.0012437810945273632
2011,OTHER,E668,4,804,0.004975124378109453
2011,OTHER,E785,2,804,0.0024875621890547263
2011,OTHER,E831,1,804,0.0012437810945273632
2011,OTHER,E854,1,804,0.0012437810945273632
2011,OTHER,E86,1,804,0.0012437810945273632
2011,OTHER,E872,2,804,0.0024875621890547263
2011,OTHER,F011,1,804,0.0012437810945273632
2011,OTHER,F019,2,804,0.0024875621890547263
2011,OTHER,F03,26,804,0.03233830845771144
2011,OTHER,F101,1,804,0.0012437810945273632
2011,OTHER,F102,1,804,0.0012437810945273632
2011,OTHER,F103,1,804,0.0012437810945273632
2011,OTHER,G20,5,804,0.006218905472636816
2011,OTHER,G309,22,804,0.02736318407960199
2011,OTHER,G318,1,804,0.0012437810945273632
2011,OTHER,G35,1,804,0.0012437810945273632
2011,OTHER,G379,1,804,0.0012437810945273632
2011,OTHER,G406,1,804,0.0012437810945273632
2011,OTHER,G419,1,804,0.0012437810945273632
2011,OTHER,G709,1,804,0.0012437810945273632
2011,OTHER,G710,1,804,0.0012437810945273632
2011,OTHER,G809,2,804,0.0024875621890547263
2011,OTHER,G819,1,804,0.0012437810945273632
2011,OTHER,G919,1,804,0.0012437810945273632
2011,OTHER,G934,1,804,0.0012437810945273632
2011,OTHER,G936,1,804,0.0012437810945273632
2011,OTHER,K219,1,804,0.0012437810945273632
2011,OTHER,K220,1,804,0.0012437810945273632
2011,OTHER,K221,1,804,0.0012437810945273632
2011,OTHER,K297,1,804,0.0012437810945273632
2011,OTHER,K319,1,804,0.0012437810945273632
2011,OTHER,K509,1,804,0.0012437810945273632
2011,OTHER,K550,2,804,0.0024875621890547263
2011,OTHER,K551,1,804,0.0012437810945273632
2011,OTHER,K552,1,804,0.0012437810945273632
2011,OTHER,K559,3,804,0.0037313432835820895
2011,OTHER,K562,1,804,0.0012437810945273632
2011,OTHER,K563,15,804,0.018656716417910446
2011,OTHER,K564,1,804,0.0012437810945273632
2011,OTHER,K565,1,804,0.0012437810945273632
2011,OTHER,K566,4,804,0.004975124378109453
2011,OTHER,K567,1,804,0.0012437810945273632
2011,OTHER,K631,1,804,0.0012437810945273632
2011,OTHER,K632,1,804,0.0012437810945273632
2011,OTHER,K639,1,804,0.0012437810945273632
2011,OTHER,K660,2,804,0.0024875621890547263
2011,OTHER,K729,2,804,0.0024875621890547263
2011,OTHER,K750,1,804,0.0012437810945273632
2011,OTHER,K759,2,804,0.0024875621890547263
2011,OTHER,K760,3,804,0.0037313432835820895
2011,OTHER,K761,1,804,0.0012437810945273632
2011,OTHER,K767,1,804,0.0012437810945273632
2011,OTHER,K768,1,804,0.0012437810945273632
2011,OTHER,K769,5,804,0.006218905472636816
2011,OTHER,K852,3,804,0.0037313432835820895
2011,OTHER,K859,34,804,0.04228855721393035
2011,OTHER,K861,2,804,0.0024875621890547263
2011,OTHER,M009,1,804,0.0012437810945273632
2011,OTHER,M069,2,804,0.0024875621890547263
2011,OTHER,M199,2,804,0.0024875621890547263
2011,OTHER,M316,1,804,0.0012437810945273632
2011,OTHER,M419,1,804,0.0012437810945273632
2011,OTHER,M869,1,804,0.0012437810945273632
2011,OTHER,N009,1,804,0.0012437810945273632
2011,OTHER,N170,1,804,0.0012437810945273632
2011,OTHER,N179,8,804,0.009950248756218905
2011,OTHER,N185,2,804,0.0024875621890547263
2011,OTHER,N189,5,804,0.006218905472636816
2011,OTHER,N19,2,804,0.0024875621890547263
2011,OTHER,N200,1,804,0.0012437810945273632
2011,OTHER,N209,1,804,0.0012437810945273632
2011,OTHER,N288,1,804,0.0012437810945273632
2011,OTHER,N289,1,804,0.0012437810945273632
2011,OTHER,N390,4,804,0.004975124378109453
2011,OTHER,Q909,1,804,0.0012437810945273632
2011,OTHER,Y831,1,804,0.0012437810945273632
2012,OTHER,D619,1,721,0.0013869625520110957
2012,OTHER,D696,1,721,0.0013869625520110957
2012,OTHER,D752,1,721,0.0013869625520110957
2012,OTHER,D869,1,721,0.0013869625520110957
2012,OTHER,E039,1,721,0.0013869625520110957
2012,OTHER,E274,1,721,0.0013869625520110957
2012,OTHER,E668,3,721,0.004160887656033287
2012,OTHER,E669,2,721,0.0027739251040221915
2012,OTHER,E780,2,721,0.0027739251040221915
2012,OTHER,E785,4,721,0.005547850208044383
2012,OTHER,E86,1,721,0.0013869625520110957
2012,OTHER,F019,1,721,0.0013869625520110957
2012,OTHER,F03,22,721,0.030513176144244106
2012,OTHER,F101,1,721,0.0013869625520110957
2012,OTHER,F102,3,721,0.004160887656033287
2012,OTHER,F54,1,721,0.0013869625520110957
2012,OTHER,G001,1,721,0.0013869625520110957
2012,OTHER,G062,1,721,0.0013869625520110957
2012,OTHER,G122,1,721,0.0013869625520110957
2012,OTHER,G20,2,721,0.0027739251040221915
2012,OTHER,G309,21,721,0.02912621359223301
2012,OTHER,G809,1,721,0.0013869625520110957
2012,OTHER,G822,2,721,0.0027739251040221915
2012,OTHER,G92,1,721,0.0013869625520110957
2012,OTHER,G931,2,721,0.0027739251040221915
2012,OTHER,G938,1,721,0.0013869625520110957
2012,OTHER,K210,1,721,0.0013869625520110957
2012,OTHER,K225,1,721,0.0013869625520110957
2012,OTHER,K550,1,721,0.0013869625520110957
2012,OTHER,K559,2,721,0.0027739251040221915
2012,OTHER,K560,1,721,0.0013869625520110957
2012,OTHER,K563,9,721,0.012482662968099861
2012,OTHER,K566,7,721,0.009708737864077669
2012,OTHER,K567,1,721,0.0013869625520110957
2012,OTHER,K578,2,721,0.0027739251040221915
2012,OTHER,K579,2,721,0.0027739251040221915
2012,OTHER,K631,1,721,0.0013869625520110957
2012,OTHER,K729,2,721,0.0027739251040221915
2012,OTHER,K754,1,721,0.0013869625520110957
2012,OTHER,K760,1,721,0.0013869625520110957
2012,OTHER,K769,1,721,0.0013869625520110957
2012,OTHER,K852,4,721,0.005547850208044383
2012,OTHER,K859,27,721,0.03744798890429958
2012,OTHER,K861,1,721,0.0013869625520110957
2012,OTHER,K862,1,721,0.0013869625520110957
2012,OTHER,K868,1,721,0.0013869625520110957
2012,OTHER,K869,1,721,0.0013869625520110957
2012,OTHER,L039,1,721,0.0013869625520110957
2012,OTHER,L511,1,721,0.0013869625520110957
2012,OTHER,M139,1,721,0.0013869625520110957
2012,OTHER,M300,1,721,0.0013869625520110957
2012,OTHER,M348,1,721,0.0013869625520110957
2012,OTHER,M489,1,721,0.0013869625520110957
2012,OTHER,M545,1,721,0.0013869625520110957
2012,OTHER,M622,1,721,0.0013869625520110957
2012,OTHER,M628,1,721,0.0013869625520110957
2012,OTHER,N132,1,721,0.0013869625520110957
2012,OTHER,N133,1,721,0.0013869625520110957
2012,OTHER,N170,1,721,0.0013869625520110957
2012,OTHER,N183,1,721,0.0013869625520110957
2012,OTHER,N185,3,721,0.004160887656033287
2012,OTHER,N189,1,721,0.0013869625520110957
2012,OTHER,N19,1,721,0.0013869625520110957
2012,OTHER,N200,1,721,0.0013869625520110957
2012,OTHER,N321,1,721,0.0013869625520110957
2012,OTHER,N390,3,721,0.004160887656033287
2012,OTHER,N859,1,721,0.0013869625520110957
2012,OTHER,Q858,1,721,0.0013869625520110957
2012,OTHER,Q909,1,721,0.0013869625520110957
2012,OTHER,Y832,1,721,0.0013869625520110957
2012,OTHER,Y839,1,721,0.0013869625520110957
2013,OTHER,D571,2,753,0.0026560424966799467
2013,OTHER,D594,1,753,0.0013280212483399733
2013,OTHER,D649,1,753,0.0013280212483399733
2013,OTHER,D65,2,753,0.0026560424966799467
2013,OTHER,D696,1,753,0.0013280212483399733
2013,OTHER,D728,1,753,0.0013280212483399733
2013,OTHER,E052,1,753,0.0013280212483399733
2013,OTHER,E668,3,753,0.00398406374501992
2013,OTHER,E669,6,753,0.00796812749003984
2013,OTHER,E752,1,753,0.0013280212483399733
2013,OTHER,E780,1,753,0.0013280212483399733
2013,OTHER,E785,3,753,0.00398406374501992
2013,OTHER,E876,1,753,0.0013280212483399733
2013,OTHER,E889,1,753,0.0013280212483399733
2013,OTHER,F011,1,753,0.0013280212483399733
2013,OTHER,F019,3,753,0.00398406374501992
2013,OTHER,F03,36,753,0.04780876494023904
2013,OTHER,F209,1,753,0.0013280212483399733
2013,OTHER,F79,1,753,0.0013280212483399733
2013,OTHER,G049,1,753,0.0013280212483399733
2013,OTHER,G20,6,753,0.00796812749003984
2013,OTHER,G301,2,753,0.0026560424966799467
2013,OTHER,G309,13,753,0.017264276228419653
2013,OTHER,G311,1,753,0.0013280212483399733
2013,OTHER,G318,1,753,0.0013280212483399733
2013,OTHER,G35,1,753,0.0013280212483399733
2013,OTHER,G709,1,753,0.0013280212483399733
2013,OTHER,G728,1,753,0.0013280212483399733
2013,OTHER,G809,1,753,0.0013280212483399733
2013,OTHER,G822,1,753,0.0013280212483399733
2013,OTHER,G919,1,753,0.0013280212483399733
2013,OTHER,G934,2,753,0.0026560424966799467
2013,OTHER,G936,1,753,0.0013280212483399733
2013,OTHER,K219,2,753,0.0026560424966799467
2013,OTHER,K222,1,753,0.0013280212483399733
2013,OTHER,K223,1,753,0.0013280212483399733
2013,OTHER,K227,1,753,0.0013280212483399733
2013,OTHER,K318,1,753,0.0013280212483399733
2013,OTHER,K550,1,753,0.0013280212483399733
2013,OTHER,K559,5,753,0.006640106241699867
2013,OTHER,K560,1,753,0.0013280212483399733
2013,OTHER,K563,9,753,0.01195219123505976
2013,OTHER,K566,4,753,0.005312084993359893
2013,OTHER,K567,1,753,0.0013280212483399733
2013,OTHER,K579,1,753,0.0013280212483399733
2013,OTHER,K590,1,753,0.0013280212483399733
2013,OTHER,K639,1,753,0.0013280212483399733
2013,OTHER,K729,1,753,0.0013280212483399733
2013,OTHER,K750,5,753,0.006640106241699867
2013,OTHER,K760,3,753,0.00398406374501992
2013,OTHER,K766,1,753,0.0013280212483399733
2013,OTHER,K767,1,753,0.0013280212483399733
2013,OTHER,K769,1,753,0.0013280212483399733
2013,OTHER,K852,1,753,0.0013280212483399733
2013,OTHER,K859,24,753,0.03187250996015936
2013,OTHER,K861,1,753,0.0013280212483399733
2013,OTHER,M069,1,753,0.0013280212483399733
2013,OTHER,M311,1,753,0.0013280212483399733
2013,OTHER,M316,1,753,0.0013280212483399733
2013,OTHER,M348,1,753,0.0013280212483399733
2013,OTHER,M419,1,753,0.0013280212483399733
2013,OTHER,M489,1,753,0.0013280212483399733
2013,OTHER,M726,1,753,0.0013280212483399733
2013,OTHER,M819,3,753,0.00398406374501992
2013,OTHER,N12,1,753,0.0013280212483399733
2013,OTHER,N133,1,753,0.0013280212483399733
2013,OTHER,N179,3,753,0.00398406374501992
2013,OTHER,N185,2,753,0.0026560424966799467
2013,OTHER,N189,1,753,0.0013280212483399733
2013,OTHER,N19,5,753,0.006640106241699867
2013,OTHER,N390,8,753,0.010624169986719787
2013,OTHER,N40,1,753,0.0013280212483399733
2013,OTHER,Q909,1,753,0.0013280212483399733
2013,OTHER,Y831,1,753,0.0013280212483399733
2013,OTHER,Y836,1,753,0.0013280212483399733
2013,OTHER,Y839,1,753,0.0013280212483399733
2014,OTHER,D500,1,698,0.0014326647564469914
2014,OTHER,D649,2,698,0.0028653295128939827
2014,OTHER,D689,1,698,0.0014326647564469914
2014,OTHER,D860,1,698,0.0014326647564469914
2014,OTHER,E668,1,698,0.0014326647564469914
2014,OTHER,E669,4,698,0.0057306590257879654
2014,OTHER,E785,3,698,0.004297994269340974
2014,OTHER,E86,1,698,0.0014326647564469914
2014,OTHER,E872,1,698,0.0014326647564469914
2014,OTHER,F019,2,698,0.0028653295128939827
2014,OTHER,F03,25,698,0.03581661891117478
2014,OTHER,F069,1,698,0.0014326647564469914
2014,OTHER,F102,1,698,0.0014326647564469914
2014,OTHER,F54,1,698,0.0014326647564469914
2014,OTHER,G20,3,698,0.004297994269340974
2014,OTHER,G219,1,698,0.0014326647564469914
2014,OTHER,G301,1,698,0.0014326647564469914
2014,OTHER,G309,28,698,0.04011461318051576
2014,OTHER,G35,2,698,0.0028653295128939827
2014,OTHER,G379,1,698,0.0014326647564469914
2014,OTHER,G419,1,698,0.0014326647564469914
2014,OTHER,G710,1,698,0.0014326647564469914
2014,OTHER,G729,1,698,0.0014326647564469914
2014,OTHER,G92,1,698,0.0014326647564469914
2014,OTHER,G931,2,698,0.0028653295128939827
2014,OTHER,G934,1,698,0.0014326647564469914
2014,OTHER,K223,3,698,0.004297994269340974
2014,OTHER,K225,1,698,0.0014326647564469914
2014,OTHER,K296,1,698,0.0014326647564469914
2014,OTHER,K550,1,698,0.0014326647564469914
2014,OTHER,K559,5,698,0.0071633237822349575
2014,OTHER,K563,7,698,0.01002865329512894
2014,OTHER,K566,1,698,0.0014326647564469914
2014,OTHER,K567,1,698,0.0014326647564469914
2014,OTHER,K578,1,698,0.0014326647564469914
2014,OTHER,K590,1,698,0.0014326647564469914
2014,OTHER,K631,2,698,0.0028653295128939827
2014,OTHER,K659,1,698,0.0014326647564469914
2014,OTHER,K729,1,698,0.0014326647564469914
2014,OTHER,K750,2,698,0.0028653295128939827
2014,OTHER,K759,1,698,0.0014326647564469914
2014,OTHER,K760,1,698,0.0014326647564469914
2014,OTHER,K766,1,698,0.0014326647564469914
2014,OTHER,K767,1,698,0.0014326647564469914
2014,OTHER,K769,3,698,0.004297994269340974
2014,OTHER,K859,26,698,0.03724928366762178
2014,OTHER,K861,2,698,0.0028653295128939827
2014,OTHER,K900,1,698,0.0014326647564469914
2014,OTHER,L022,1,698,0.0014326647564469914
2014,OTHER,L089,1,698,0.0014326647564469914
2014,OTHER,M009,1,698,0.0014326647564469914
2014,OTHER,M069,3,698,0.004297994269340974
2014,OTHER,M321,1,698,0.0014326647564469914
2014,OTHER,M348,1,698,0.0014326647564469914
2014,OTHER,M819,1,698,0.0014326647564469914
2014,OTHER,N12,1,698,0.0014326647564469914
2014,OTHER,N184,1,698,0.0014326647564469914
2014,OTHER,N185,3,698,0.004297994269340974
2014,OTHER,N189,4,698,0.0057306590257879654
2014,OTHER,N19,3,698,0.004297994269340974
2014,OTHER,N288,1,698,0.0014326647564469914
2014,OTHER,N390,10,698,0.014326647564469915
2014,OTHER,N40,1,698,0.0014326647564469914
2014,OTHER,N498,1,698,0.0014326647564469914
2014,OTHER,N850,1,698,0.0014326647564469914
2014,OTHER,N859,1,698,0.0014326647564469914
2014,OTHER,Y69,1,698,0.0014326647564469914
2014,OTHER,Y839,1,698,0.0014326647564469914
2015,OTHER,D500,1,693,0.001443001443001443
2015,OTHER,D569,1,693,0.001443001443001443
2015,OTHER,D619,1,693,0.001443001443001443
2015,OTHER,D649,1,693,0.001443001443001443
2015,OTHER,D689,2,693,0.002886002886002886
2015,OTHER,E668,4,693,0.005772005772005772
2015,OTHER,E669,4,693,0.005772005772005772
2015,OTHER,E780,2,693,0.002886002886002886
2015,OTHER,E781,1,693,0.001443001443001443
2015,OTHER,E785,4,693,0.005772005772005772
2015,OTHER,E86,2,693,0.002886002886002886
2015,OTHER,E871,1,693,0.001443001443001443
2015,OTHER,E872,2,693,0.002886002886002886
2015,OTHER,E875,1,693,0.001443001443001443
2015,OTHER,E889,2,693,0.002886002886002886
2015,OTHER,F019,2,693,0.002886002886002886
2015,OTHER,F03,17,693,0.024531024531024532
2015,OTHER,F500,1,693,0.001443001443001443
2015,OTHER,G20,2,693,0.002886002886002886
2015,OTHER,G309,17,693,0.024531024531024532
2015,OTHER,G700,1,693,0.001443001443001443
2015,OTHER,K219,1,693,0.001443001443001443
2015,OTHER,K223,1,693,0.001443001443001443
2015,OTHER,K311,1,693,0.001443001443001443
2015,OTHER,K509,1,693,0.001443001443001443
2015,OTHER,K550,3,693,0.004329004329004329
2015,OTHER,K559,6,693,0.008658008658008658
2015,OTHER,K563,16,693,0.023088023088023088
2015,OTHER,K565,1,693,0.001443001443001443
2015,OTHER,K566,5,693,0.007215007215007215
2015,OTHER,K571,1,693,0.001443001443001443
2015,OTHER,K579,1,693,0.001443001443001443
2015,OTHER,K602,1,693,0.001443001443001443
2015,OTHER,K720,1,693,0.001443001443001443
2015,OTHER,K754,3,693,0.004329004329004329
2015,OTHER,K760,1,693,0.001443001443001443
2015,OTHER,K761,1,693,0.001443001443001443
2015,OTHER,K769,2,693,0.002886002886002886
2015,OTHER,K852,3,693,0.004329004329004329
2015,OTHER,K859,32,693,0.046176046176046176
2015,OTHER,K861,2,693,0.002886002886002886
2015,OTHER,K869,2,693,0.002886002886002886
2015,OTHER,M069,1,693,0.001443001443001443
2015,OTHER,M349,1,693,0.001443001443001443
2015,OTHER,M609,1,693,0.001443001443001443
2015,OTHER,N179,2,693,0.002886002886002886
2015,OTHER,N185,2,693,0.002886002886002886
2015,OTHER,N189,1,693,0.001443001443001443
2015,OTHER,N19,1,693,0.001443001443001443
2015,OTHER,N288,1,693,0.001443001443001443
2015,OTHER,N390,4,693,0.005772005772005772
2015,OTHER,N40,1,693,0.001443001443001443
2015,OTHER,Y442,1,693,0.001443001443001443
2015,OTHER,Y838,1,693,0.001443001443001443
2016,OTHER,D649,1,711,0.0014064697609001407
2016,OTHER,D65,2,711,0.0028129395218002813
2016,OTHER,D685,1,711,0.0014064697609001407
2016,OTHER,D689,2,711,0.0028129395218002813
2016,OTHER,D696,1,711,0.0014064697609001407
2016,OTHER,D70,1,711,0.0014064697609001407
2016,OTHER,D849,1,711,0.0014064697609001407
2016,OTHER,D869,1,711,0.0014064697609001407
2016,OTHER,E668,5,711,0.007032348804500703
2016,OTHER,E669,4,711,0.005625879043600563
2016,OTHER,E780,1,711,0.0014064697609001407
2016,OTHER,E781,1,711,0.0014064697609001407
2016,OTHER,E785,3,711,0.004219409282700422
2016,OTHER,E86,1,711,0.0014064697609001407
2016,OTHER,E872,4,711,0.005625879043600563
2016,OTHER,E889,1,711,0.0014064697609001407
2016,OTHER,F019,4,711,0.005625879043600563
2016,OTHER,F03,18,711,0.02531645569620253
2016,OTHER,F051,1,711,0.0014064697609001407
2016,OTHER,F101,1,711,0.0014064697609001407
2016,OTHER,F199,1,711,0.0014064697609001407
2016,OTHER,F412,1,711,0.0014064697609001407
2016,OTHER,F79,1,711,0.0014064697609001407
2016,OTHER,G122,2,711,0.0028129395218002813
2016,OTHER,G20,2,711,0.0028129395218002813
2016,OTHER,G219,1,711,0.0014064697609001407
2016,OTHER,G301,1,711,0.0014064697609001407
2016,OTHER,G309,23,711,0.03234880450070324
2016,OTHER,G312,1,711,0.0014064697609001407
2016,OTHER,G318,1,711,0.0014064697609001407
2016,OTHER,G35,2,711,0.0028129395218002813
2016,OTHER,G409,1,711,0.0014064697609001407
2016,OTHER,G473,1,711,0.0014064697609001407
2016,OTHER,G822,1,711,0.0014064697609001407
2016,OTHER,G825,1,711,0.0014064697609001407
2016,OTHER,G92,2,711,0.0028129395218002813
2016,OTHER,G934,1,711,0.0014064697609001407
2016,OTHER,G936,1,711,0.0014064697609001407
2016,OTHER,K20,1,711,0.0014064697609001407
2016,OTHER,K315,1,711,0.0014064697609001407
2016,OTHER,K519,1,711,0.0014064697609001407
2016,OTHER,K550,2,711,0.0028129395218002813
2016,OTHER,K559,3,711,0.004219409282700422
2016,OTHER,K562,1,711,0.0014064697609001407
2016,OTHER,K563,10,711,0.014064697609001406
2016,OTHER,K565,1,711,0.0014064697609001407
2016,OTHER,K566,2,711,0.0028129395218002813
2016,OTHER,K578,2,711,0.0028129395218002813
2016,OTHER,K579,3,711,0.004219409282700422
2016,OTHER,K631,3,711,0.004219409282700422
2016,OTHER,K668,1,711,0.0014064697609001407
2016,OTHER,K750,4,711,0.005625879043600563
2016,OTHER,K758,1,711,0.0014064697609001407
2016,OTHER,K760,5,711,0.007032348804500703
2016,OTHER,K769,4,711,0.005625879043600563
2016,OTHER,K851,1,711,0.0014064697609001407
2016,OTHER,K852,2,711,0.0028129395218002813
2016,OTHER,K859,27,711,0.0379746835443038
2016,OTHER,K861,2,711,0.0028129395218002813
2016,OTHER,K862,1,711,0.0014064697609001407
2016,OTHER,K904,1,711,0.0014064697609001407
2016,OTHER,M069,1,711,0.0014064697609001407
2016,OTHER,N12,2,711,0.0028129395218002813
2016,OTHER,N179,2,711,0.0028129395218002813
2016,OTHER,N183,1,711,0.0014064697609001407
2016,OTHER,N185,2,711,0.0028129395218002813
2016,OTHER,N189,1,711,0.0014064697609001407
2016,OTHER,N288,1,711,0.0014064697609001407
2016,OTHER,N390,5,711,0.007032348804500703
2016,OTHER,N948,1,711,0.0014064697609001407
2016,OTHER,Y831,1,711,0.0014064697609001407
2016,OTHER,Y836,2,711,0.0028129395218002813
2016,OTHER,Y839,1,711,0.0014064697609001407
2016,OTHER,Y883,1,711,0.0014064697609001407
2017,OTHER,D693,1,695,0.0014388489208633094
2017,OTHER,E662,1,695,0.0014388489208633094
2017,OTHER,E668,9,695,0.012949640287769784
2017,OTHER,E669,3,695,0.004316546762589928
2017,OTHER,E780,2,695,0.0028776978417266188
2017,OTHER,E785,8,695,0.011510791366906475
2017,OTHER,E871,1,695,0.0014388489208633094
2017,OTHER,E872,3,695,0.004316546762589928
2017,OTHER,E889,1,695,0.0014388489208633094
2017,OTHER,F011,1,695,0.0014388489208633094
2017,OTHER,F019,6,695,0.008633093525179856
2017,OTHER,F03,17,695,0.02446043165467626
2017,OTHER,F069,1,695,0.0014388489208633094
2017,OTHER,F102,1,695,0.0014388489208633094
2017,OTHER,F259,1,695,0.0014388489208633094
2017,OTHER,F54,1,695,0.0014388489208633094
2017,OTHER,G20,5,695,0.007194244604316547
2017,OTHER,G309,26,695,0.03741007194244604
2017,OTHER,G310,1,695,0.0014388489208633094
2017,OTHER,G311,3,695,0.004316546762589928
2017,OTHER,G318,1,695,0.0014388489208633094
2017,OTHER,G35,2,695,0.0028776978417266188
2017,OTHER,G409,1,695,0.0014388489208633094
2017,OTHER,G809,1,695,0.0014388489208633094
2017,OTHER,G931,3,695,0.004316546762589928
2017,OTHER,G934,2,695,0.0028776978417266188
2017,OTHER,K220,1,695,0.0014388489208633094
2017,OTHER,K223,2,695,0.0028776978417266188
2017,OTHER,K225,1,695,0.0014388489208633094
2017,OTHER,K296,1,695,0.0014388489208633094
2017,OTHER,K297,1,695,0.0014388489208633094
2017,OTHER,K299,1,695,0.0014388489208633094
2017,OTHER,K509,1,695,0.0014388489208633094
2017,OTHER,K559,2,695,0.0028776978417266188
2017,OTHER,K560,1,695,0.0014388489208633094
2017,OTHER,K563,9,695,0.012949640287769784
2017,OTHER,K566,3,695,0.004316546762589928
2017,OTHER,K570,1,695,0.0014388489208633094
2017,OTHER,K572,1,695,0.0014388489208633094
2017,OTHER,K579,1,695,0.0014388489208633094
2017,OTHER,K631,3,695,0.004316546762589928
2017,OTHER,K661,2,695,0.0028776978417266188
2017,OTHER,K720,1,695,0.0014388489208633094
2017,OTHER,K729,1,695,0.0014388489208633094
2017,OTHER,K754,1,695,0.0014388489208633094
2017,OTHER,K760,5,695,0.007194244604316547
2017,OTHER,K767,1,695,0.0014388489208633094
2017,OTHER,K769,4,695,0.0057553956834532375
2017,OTHER,K851,1,695,0.0014388489208633094
2017,OTHER,K852,2,695,0.0028776978417266188
2017,OTHER,K859,20,695,0.02877697841726619
2017,OTHER,K861,3,695,0.004316546762589928
2017,OTHER,L039,1,695,0.0014388489208633094
2017,OTHER,M479,1,695,0.0014388489208633094
2017,OTHER,M819,1,695,0.0014388489208633094
2017,OTHER,M869,2,695,0.0028776978417266188
2017,OTHER,N009,1,695,0.0014388489208633094
2017,OTHER,N185,1,695,0.0014388489208633094
2017,OTHER,N189,3,695,0.004316546762589928
2017,OTHER,N19,2,695,0.0028776978417266188
2017,OTHER,N200,2,695,0.0028776978417266188
2017,OTHER,N209,1,695,0.0014388489208633094
2017,OTHER,N288,1,695,0.0014388489208633094
2017,OTHER,N289,1,695,0.0014388489208633094
2017,OTHER,N390,6,695,0.008633093525179856
2017,OTHER,N498,1,695,0.0014388489208633094
2017,OTHER,Q245,1,695,0.0014388489208633094
2017,OTHER,Y836,2,695,0.0028776978417266188
2017,OTHER,Y839,3,695,0.004316546762589928
2018,OTHER,D500,1,651,0.0015360983102918587
2018,OTHER,D570,1,651,0.0015360983102918587
2018,OTHER,D571,1,651,0.0015360983102918587
2018,OTHER,D65,1,651,0.0015360983102918587
2018,OTHER,D689,1,651,0.0015360983102918587
2018,OTHER,D696,1,651,0.0015360983102918587
2018,OTHER,D739,1,651,0.0015360983102918587
2018,OTHER,D839,1,651,0.0015360983102918587
2018,OTHER,E050,1,651,0.0015360983102918587
2018,OTHER,E237,1,651,0.0015360983102918587
2018,OTHER,E662,1,651,0.0015360983102918587
2018,OTHER,E668,7,651,0.010752688172043012
2018,OTHER,E722,1,651,0.0015360983102918587
2018,OTHER,E780,1,651,0.0015360983102918587
2018,OTHER,E785,4,651,0.006144393241167435
2018,OTHER,E86,1,651,0.0015360983102918587
2018,OTHER,E870,1,651,0.0015360983102918587
2018,OTHER,F019,3,651,0.004608294930875576
2018,OTHER,F03,21,651,0.03225806451612903
2018,OTHER,F102,1,651,0.0015360983102918587
2018,OTHER,F159,1,651,0.0015360983102918587
2018,OTHER,G10,1,651,0.0015360983102918587
2018,OTHER,G20,3,651,0.004608294930875576
2018,OTHER,G231,1,651,0.0015360983102918587
2018,OTHER,G301,2,651,0.0030721966205837174
2018,OTHER,G309,16,651,0.02457757296466974
2018,OTHER,G610,1,651,0.0015360983102918587
2018,OTHER,G700,1,651,0.0015360983102918587
2018,OTHER,G711,1,651,0.0015360983102918587
2018,OTHER,G729,1,651,0.0015360983102918587
2018,OTHER,G809,1,651,0.0015360983102918587
2018,OTHER,G930,1,651,0.0015360983102918587
2018,OTHER,G934,5,651,0.007680491551459293
2018,OTHER,G98,1,651,0.0015360983102918587
2018,OTHER,K222,1,651,0.0015360983102918587
2018,OTHER,K508,1,651,0.0015360983102918587
2018,OTHER,K509,1,651,0.0015360983102918587
2018,OTHER,K529,1,651,0.0015360983102918587
2018,OTHER,K559,3,651,0.004608294930875576
2018,OTHER,K563,12,651,0.018433179723502304
2018,OTHER,K566,3,651,0.004608294930875576
2018,OTHER,K573,1,651,0.0015360983102918587
2018,OTHER,K579,2,651,0.0030721966205837174
2018,OTHER,K650,1,651,0.0015360983102918587
2018,OTHER,K660,1,651,0.0015360983102918587
2018,OTHER,K720,1,651,0.0015360983102918587
2018,OTHER,K729,1,651,0.0015360983102918587
2018,OTHER,K750,3,651,0.004608294930875576
2018,OTHER,K759,1,651,0.0015360983102918587
2018,OTHER,K760,1,651,0.0015360983102918587
2018,OTHER,K768,1,651,0.0015360983102918587
2018,OTHER,K769,2,651,0.0030721966205837174
2018,OTHER,K851,1,651,0.0015360983102918587
2018,OTHER,K852,2,651,0.0030721966205837174
2018,OTHER,K859,22,651,0.03379416282642089
2018,OTHER,K860,1,651,0.0015360983102918587
2018,OTHER,K869,2,651,0.0030721966205837174
2018,OTHER,L905,1,651,0.0015360983102918587
2018,OTHER,M819,1,651,0.0015360983102918587
2018,OTHER,M869,1,651,0.0015360983102918587
2018,OTHER,N12,1,651,0.0015360983102918587
2018,OTHER,N179,3,651,0.004608294930875576
2018,OTHER,N184,1,651,0.0015360983102918587
2018,OTHER,N185,3,651,0.004608294930875576
2018,OTHER,N189,2,651,0.0030721966205837174
2018,OTHER,N390,3,651,0.004608294930875576
2018,OTHER,N40,1,651,0.0015360983102918587
2018,OTHER,N498,1,651,0.0015360983102918587
2018,OTHER,N811,1,651,0.0015360983102918587
2018,OTHER,O996,1,651,0.0015360983102918587
2018,OTHER,Q613,1,651,0.0015360983102918587
2018,OTHER,Y830,1,651,0.0015360983102918587
2018,OTHER,Y836,4,651,0.006144393241167435
2018,OTHER,Y839,2,651,0.0030721966205837174
2019,OTHER,D571,1,745,0.0013422818791946308
2019,OTHER,D619,2,745,0.0026845637583892616
2019,OTHER,D649,2,745,0.0026845637583892616
2019,OTHER,D65,1,745,0.0013422818791946308
2019,OTHER,D689,2,745,0.0026845637583892616
2019,OTHER,D696,1,745,0.0013422818791946308
2019,OTHER,E162,1,745,0.0013422818791946308
2019,OTHER,E662,1,745,0.0013422818791946308
2019,OTHER,E668,2,745,0.0026845637583892616
2019,OTHER,E669,1,745,0.0013422818791946308
2019,OTHER,E752,1,745,0.0013422818791946308
2019,OTHER,E780,1,745,0.0013422818791946308
2019,OTHER,E785,6,745,0.008053691275167786
2019,OTHER,E789,1,745,0.0013422818791946308
2019,OTHER,E835,1,745,0.0013422818791946308
2019,OTHER,E854,1,745,0.0013422818791946308
2019,OTHER,E86,1,745,0.0013422818791946308
2019,OTHER,E872,1,745,0.0013422818791946308
2019,OTHER,F019,3,745,0.004026845637583893
2019,OTHER,F03,22,745,0.02953020134228188
2019,OTHER,F101,1,745,0.0013422818791946308
2019,OTHER,F111,1,745,0.0013422818791946308
2019,OTHER,F191,1,745,0.0013422818791946308
2019,OTHER,F329,1,745,0.0013422818791946308
2019,OTHER,F54,1,745,0.0013422818791946308
2019,OTHER,G14,1,745,0.0013422818791946308
2019,OTHER,G20,7,745,0.009395973154362415
2019,OTHER,G301,1,745,0.0013422818791946308
2019,OTHER,G309,22,745,0.02953020134228188
2019,OTHER,G311,3,745,0.004026845637583893
2019,OTHER,G35,1,745,0.0013422818791946308
2019,OTHER,G473,1,745,0.0013422818791946308
2019,OTHER,G809,1,745,0.0013422818791946308
2019,OTHER,G819,1,745,0.0013422818791946308
2019,OTHER,G825,2,745,0.0026845637583892616
2019,OTHER,G934,3,745,0.004026845637583893
2019,OTHER,G952,1,745,0.0013422818791946308
2019,OTHER,G959,1,745,0.0013422818791946308
2019,OTHER,K219,1,745,0.0013422818791946308
2019,OTHER,K529,1,745,0.0013422818791946308
2019,OTHER,K559,5,745,0.006711409395973154
2019,OTHER,K563,13,745,0.0174496644295302
2019,OTHER,K566,3,745,0.004026845637583893
2019,OTHER,K567,1,745,0.0013422818791946308
2019,OTHER,K572,1,745,0.0013422818791946308
2019,OTHER,K579,1,745,0.0013422818791946308
2019,OTHER,K631,2,745,0.0026845637583892616
2019,OTHER,K660,1,745,0.0013422818791946308
2019,OTHER,K750,1,745,0.0013422818791946308
2019,OTHER,K754,1,745,0.0013422818791946308
2019,OTHER,K759,1,745,0.0013422818791946308
2019,OTHER,K760,2,745,0.0026845637583892616
2019,OTHER,K769,2,745,0.0026845637583892616
2019,OTHER,K852,3,745,0.004026845637583893
2019,OTHER,K859,27,745,0.036241610738255034
2019,OTHER,K861,3,745,0.004026845637583893
2019,OTHER,K902,1,745,0.0013422818791946308
2019,OTHER,M321,1,745,0.0013422818791946308
2019,OTHER,M462,1,745,0.0013422818791946308
2019,OTHER,M464,1,745,0.0013422818791946308
2019,OTHER,M797,1,745,0.0013422818791946308
2019,OTHER,M809,1,745,0.0013422818791946308
2019,OTHER,N12,1,745,0.0013422818791946308
2019,OTHER,N139,1,745,0.0013422818791946308
2019,OTHER,N179,2,745,0.0026845637583892616
2019,OTHER,N185,2,745,0.0026845637583892616
2019,OTHER,N189,5,745,0.006711409395973154
2019,OTHER,N19,4,745,0.005369127516778523
2019,OTHER,N200,1,745,0.0013422818791946308
2019,OTHER,N288,4,745,0.005369127516778523
2019,OTHER,N309,1,745,0.0013422818791946308
2019,OTHER,N390,5,745,0.006711409395973154
2019,OTHER,Q909,1,745,0.0013422818791946308
2019,OTHER,Y428,1,745,0.0013422818791946308
2019,OTHER,Y833,1,745,0.0013422818791946308
2019,OTHER,Y836,4,745,0.005369127516778523
2020,OTHER,D591,1,854,0.00117096018735363
2020,OTHER,D594,1,854,0.00117096018735363
2020,OTHER,D696,1,854,0.00117096018735363
2020,OTHER,D728,1,854,0.00117096018735363
2020,OTHER,D759,1,854,0.00117096018735363
2020,OTHER,E668,4,854,0.00468384074941452
2020,OTHER,E669,4,854,0.00468384074941452
2020,OTHER,E780,1,854,0.00117096018735363
2020,OTHER,E785,6,854,0.00702576112412178
2020,OTHER,E789,1,854,0.00117096018735363
2020,OTHER,E86,1,854,0.00117096018735363
2020,OTHER,E870,1,854,0.00117096018735363
2020,OTHER,E872,2,854,0.00234192037470726
2020,OTHER,E877,1,854,0.00117096018735363
2020,OTHER,F019,5,854,0.00585480093676815
2020,OTHER,F03,27,854,0.03161592505854801
2020,OTHER,F067,1,854,0.00117096018735363
2020,OTHER,F101,2,854,0.00234192037470726
2020,OTHER,F102,2,854,0.00234192037470726
2020,OTHER,G122,1,854,0.00117096018735363
2020,OTHER,G20,7,854,0.00819672131147541
2020,OTHER,G301,2,854,0.00234192037470726
2020,OTHER,G309,22,854,0.02576112412177986
2020,OTHER,G310,2,854,0.00234192037470726
2020,OTHER,G311,8,854,0.00936768149882904
2020,OTHER,G35,1,854,0.00117096018735363
2020,OTHER,G629,1,854,0.00117096018735363
2020,OTHER,G92,1,854,0.00117096018735363
2020,OTHER,G931,2,854,0.00234192037470726
2020,OTHER,G934,1,854,0.00117096018735363
2020,OTHER,K223,1,854,0.00117096018735363
2020,OTHER,K224,1,854,0.00117096018735363
2020,OTHER,K225,1,854,0.00117096018735363
2020,OTHER,K318,1,854,0.00117096018735363
2020,OTHER,K529,1,854,0.00117096018735363
2020,OTHER,K550,1,854,0.00117096018735363
2020,OTHER,K559,2,854,0.00234192037470726
2020,OTHER,K563,11,854,0.01288056206088993
2020,OTHER,K566,2,854,0.00234192037470726
2020,OTHER,K573,1,854,0.00117096018735363
2020,OTHER,K579,1,854,0.00117096018735363
2020,OTHER,K631,5,854,0.00585480093676815
2020,OTHER,K729,1,854,0.00117096018735363
2020,OTHER,K750,3,854,0.00351288056206089
2020,OTHER,K758,1,854,0.00117096018735363
2020,OTHER,K760,1,854,0.00117096018735363
2020,OTHER,K761,1,854,0.00117096018735363
2020,OTHER,K767,1,854,0.00117096018735363
2020,OTHER,K769,1,854,0.00117096018735363
2020,OTHER,K859,36,854,0.04215456674473068
2020,OTHER,K860,2,854,0.00234192037470726
2020,OTHER,K861,1,854,0.00117096018735363
2020,OTHER,L893,1,854,0.00117096018735363
2020,OTHER,M100,1,854,0.00117096018735363
2020,OTHER,M462,1,854,0.00117096018735363
2020,OTHER,N009,1,854,0.00117096018735363
2020,OTHER,N12,2,854,0.00234192037470726
2020,OTHER,N133,1,854,0.00117096018735363
2020,OTHER,N139,1,854,0.00117096018735363
2020,OTHER,N179,2,854,0.00234192037470726
2020,OTHER,N185,4,854,0.00468384074941452
2020,OTHER,N189,3,854,0.00351288056206089
2020,OTHER,N19,3,854,0.00351288056206089
2020,OTHER,N200,1,854,0.00117096018735363
2020,OTHER,N288,2,854,0.00234192037470726
2020,OTHER,N329,1,854,0.00117096018735363
2020,OTHER,N390,10,854,0.0117096018735363
2020,OTHER,N429,1,854,0.00117096018735363
2020,OTHER,Q433,1,854,0.00117096018735363
2020,OTHER,Q445,1,854,0.00117096018735363
2020,OTHER,Y832,1,854,0.00117096018735363
2020,OTHER,Y836,5,854,0.00585480093676815
2021,OTHER,D570,1,862,0.001160092807424594
2021,OTHER,D580,1,862,0.001160092807424594
2021,OTHER,D686,1,862,0.001160092807424594
2021,OTHER,D728,1,862,0.001160092807424594
2021,OTHER,E039,1,862,0.001160092807424594
2021,OTHER,E662,1,862,0.001160092807424594
2021,OTHER,E668,7,862,0.008120649651972157
2021,OTHER,E669,4,862,0.004640371229698376
2021,OTHER,E780,2,862,0.002320185614849188
2021,OTHER,E785,4,862,0.004640371229698376
2021,OTHER,E854,1,862,0.001160092807424594
2021,OTHER,E86,1,862,0.001160092807424594
2021,OTHER,E871,1,862,0.001160092807424594
2021,OTHER,E872,1,862,0.001160092807424594
2021,OTHER,E875,1,862,0.001160092807424594
2021,OTHER,F019,1,862,0.001160092807424594
2021,OTHER,F03,20,862,0.02320185614849188
2021,OTHER,F059,2,862,0.002320185614849188
2021,OTHER,F102,6,862,0.0069605568445475635
2021,OTHER,F119,1,862,0.001160092807424594
2021,OTHER,F151,1,862,0.001160092807424594
2021,OTHER,G122,2,862,0.002320185614849188
2021,OTHER,G20,4,862,0.004640371229698376
2021,OTHER,G301,1,862,0.001160092807424594
2021,OTHER,G309,20,862,0.02320185614849188
2021,OTHER,G311,6,862,0.0069605568445475635
2021,OTHER,G318,2,862,0.002320185614849188
2021,OTHER,G319,2,862,0.002320185614849188
2021,OTHER,G35,1,862,0.001160092807424594
2021,OTHER,G700,2,862,0.002320185614849188
2021,OTHER,G912,1,862,0.001160092807424594
2021,OTHER,G92,2,862,0.002320185614849188
2021,OTHER,G931,2,862,0.002320185614849188
2021,OTHER,G934,3,862,0.0034802784222737818
2021,OTHER,G959,1,862,0.001160092807424594
2021,OTHER,K299,1,862,0.001160092807424594
2021,OTHER,K318,1,862,0.001160092807424594
2021,OTHER,K550,1,862,0.001160092807424594
2021,OTHER,K559,3,862,0.0034802784222737818
2021,OTHER,K563,8,862,0.009280742459396751
2021,OTHER,K566,6,862,0.0069605568445475635
2021,OTHER,K578,1,862,0.001160092807424594
2021,OTHER,K579,1,862,0.001160092807424594
2021,OTHER,K592,1,862,0.001160092807424594
2021,OTHER,K598,1,862,0.001160092807424594
2021,OTHER,K631,3,862,0.0034802784222737818
2021,OTHER,K661,1,862,0.001160092807424594
2021,OTHER,K720,2,862,0.002320185614849188
2021,OTHER,K729,3,862,0.0034802784222737818
2021,OTHER,K750,1,862,0.001160092807424594
2021,OTHER,K754,1,862,0.001160092807424594
2021,OTHER,K760,5,862,0.00580046403712297
2021,OTHER,K769,1,862,0.001160092807424594
2021,OTHER,K851,2,862,0.002320185614849188
2021,OTHER,K852,4,862,0.004640371229698376
2021,OTHER,K859,27,862,0.031322505800464036
2021,OTHER,K869,1,862,0.001160092807424594
2021,OTHER,K922,1,862,0.001160092807424594
2021,OTHER,L089,1,862,0.001160092807424594
2021,OTHER,M625,1,862,0.001160092807424594
2021,OTHER,M726,1,862,0.001160092807424594
2021,OTHER,M869,3,862,0.0034802784222737818
2021,OTHER,N12,1,862,0.001160092807424594
2021,OTHER,N170,1,862,0.001160092807424594
2021,OTHER,N179,5,862,0.00580046403712297
2021,OTHER,N183,1,862,0.001160092807424594
2021,OTHER,N185,7,862,0.008120649651972157
2021,OTHER,N189,3,862,0.0034802784222737818
2021,OTHER,N19,2,862,0.002320185614849188
2021,OTHER,N200,2,862,0.002320185614849188
2021,OTHER,N288,2,862,0.002320185614849188
2021,OTHER,N289,1,862,0.001160092807424594
2021,OTHER,N309,1,862,0.001160092807424594
2021,OTHER,N390,3,862,0.0034802784222737818
2021,OTHER,O961,1,862,0.001160092807424594
2021,OTHER,Y608,1,862,0.001160092807424594
2021,OTHER,Y836,5,862,0.00580046403712297
2021,OTHER,Y839,1,862,0.001160092807424594
2021,OTHER,Y846,1,862,0.001160092807424594
2022,OTHER,D570,1,976,0.0010245901639344263
2022,OTHER,D571,1,976,0.0010245901639344263
2022,OTHER,D619,1,976,0.0010245901639344263
2022,OTHER,D65,1,976,0.0010245901639344263
2022,OTHER,D686,1,976,0.0010245901639344263
2022,OTHER,D689,1,976,0.0010245901639344263
2022,OTHER,D696,1,976,0.0010245901639344263
2022,OTHER,D728,1,976,0.0010245901639344263
2022,OTHER,D869,1,976,0.0010245901639344263
2022,OTHER,E668,9,976,0.009221311475409836
2022,OTHER,E669,6,976,0.006147540983606557
2022,OTHER,E785,9,976,0.009221311475409836
2022,OTHER,E872,3,976,0.0030737704918032786
2022,OTHER,E878,1,976,0.0010245901639344263
2022,OTHER,E880,1,976,0.0010245901639344263
2022,OTHER,E889,6,976,0.006147540983606557
2022,OTHER,F019,5,976,0.005122950819672131
2022,OTHER,F03,20,976,0.020491803278688523
2022,OTHER,F101,1,976,0.0010245901639344263
2022,OTHER,F102,1,976,0.0010245901639344263
2022,OTHER,F191,1,976,0.0010245901639344263
2022,OTHER,F209,1,976,0.0010245901639344263
2022,OTHER,G20,6,976,0.006147540983606557
2022,OTHER,G309,20,976,0.020491803278688523
2022,OTHER,G311,4,976,0.004098360655737705
2022,OTHER,G35,1,976,0.0010245901639344263
2022,OTHER,G700,2,976,0.0020491803278688526
2022,OTHER,G931,1,976,0.0010245901639344263
2022,OTHER,G934,3,976,0.0030737704918032786
2022,OTHER,G935,1,976,0.0010245901639344263
2022,OTHER,K219,2,976,0.0020491803278688526
2022,OTHER,K225,1,976,0.0010245901639344263
2022,OTHER,K296,1,976,0.0010245901639344263
2022,OTHER,K311,2,976,0.0020491803278688526
2022,OTHER,K501,1,976,0.0010245901639344263
2022,OTHER,K509,1,976,0.0010245901639344263
2022,OTHER,K550,1,976,0.0010245901639344263
2022,OTHER,K559,2,976,0.0020491803278688526
2022,OTHER,K560,1,976,0.0010245901639344263
2022,OTHER,K563,5,976,0.005122950819672131
2022,OTHER,K566,6,976,0.006147540983606557
2022,OTHER,K567,1,976,0.0010245901639344263
2022,OTHER,K573,1,976,0.0010245901639344263
2022,OTHER,K578,1,976,0.0010245901639344263
2022,OTHER,K579,1,976,0.0010245901639344263
2022,OTHER,K590,2,976,0.0020491803278688526
2022,OTHER,K602,1,976,0.0010245901639344263
2022,OTHER,K631,3,976,0.0030737704918032786
2022,OTHER,K632,1,976,0.0010245901639344263
2022,OTHER,K668,1,976,0.0010245901639344263
2022,OTHER,K720,1,976,0.0010245901639344263
2022,OTHER,K750,2,976,0.0020491803278688526
2022,OTHER,K754,1,976,0.0010245901639344263
2022,OTHER,K760,4,976,0.004098360655737705
2022,OTHER,K761,1,976,0.0010245901639344263
2022,OTHER,K769,3,976,0.0030737704918032786
2022,OTHER,K851,1,976,0.0010245901639344263
2022,OTHER,K852,5,976,0.005122950819672131
2022,OTHER,K859,37,976,0.03790983606557377
2022,OTHER,K861,1,976,0.0010245901639344263
2022,OTHER,K922,1,976,0.0010245901639344263
2022,OTHER,L089,1,976,0.0010245901639344263
2022,OTHER,L984,1,976,0.0010245901639344263
2022,OTHER,M069,4,976,0.004098360655737705
2022,OTHER,M109,1,976,0.0010245901639344263
2022,OTHER,M311,2,976,0.0020491803278688526
2022,OTHER,M321,1,976,0.0010245901639344263
2022,OTHER,M350,1,976,0.0010245901639344263
2022,OTHER,M753,1,976,0.0010245901639344263
2022,OTHER,M869,2,976,0.0020491803278688526
2022,OTHER,N009,1,976,0.0010245901639344263
2022,OTHER,N10,1,976,0.0010245901639344263
2022,OTHER,N12,5,976,0.005122950819672131
2022,OTHER,N170,1,976,0.0010245901639344263
2022,OTHER,N179,6,976,0.006147540983606557
2022,OTHER,N183,1,976,0.0010245901639344263
2022,OTHER,N185,4,976,0.004098360655737705
2022,OTHER,N189,4,976,0.004098360655737705
2022,OTHER,N19,2,976,0.0020491803278688526
2022,OTHER,N200,3,976,0.0030737704918032786
2022,OTHER,N300,1,976,0.0010245901639344263
2022,OTHER,N390,6,976,0.006147540983606557
2022,OTHER,N823,1,976,0.0010245901639344263
2022,OTHER,O961,3,976,0.0030737704918032786
2022,OTHER,P271,1,976,0.0010245901639344263
2022,OTHER,Q445,1,976,0.0010245901639344263
2022,OTHER,Y836,1,976,0.0010245901639344263
2022,OTHER,Y839,1,976,0.0010245901639344263
2023,OTHER,D500,1,940,0.0010638297872340426
2023,OTHER,D571,1,940,0.0010638297872340426
2023,OTHER,D591,1,940,0.0010638297872340426
2023,OTHER,D649,2,940,0.002127659574468085
2023,OTHER,D728,1,940,0.0010638297872340426
2023,OTHER,E662,2,940,0.002127659574468085
2023,OTHER,E668,2,940,0.002127659574468085
2023,OTHER,E669,7,940,0.007446808510638298
2023,OTHER,E780,2,940,0.002127659574468085
2023,OTHER,E781,1,940,0.0010638297872340426
2023,OTHER,E785,10,940,0.010638297872340425
2023,OTHER,E789,1,940,0.0010638297872340426
2023,OTHER,E854,1,940,0.0010638297872340426
2023,OTHER,E870,1,940,0.0010638297872340426
2023,OTHER,E871,1,940,0.0010638297872340426
2023,OTHER,E872,2,940,0.002127659574468085
2023,OTHER,E875,2,940,0.002127659574468085
2023,OTHER,E889,4,940,0.00425531914893617
2023,OTHER,F019,7,940,0.007446808510638298
2023,OTHER,F03,20,940,0.02127659574468085
2023,OTHER,F101,2,940,0.002127659574468085
2023,OTHER,F102,1,940,0.0010638297872340426
2023,OTHER,F209,1,940,0.0010638297872340426
2023,OTHER,F322,1,940,0.0010638297872340426
2023,OTHER,G122,1,940,0.0010638297872340426
2023,OTHER,G20,3,940,0.0031914893617021275
2023,OTHER,G219,1,940,0.0010638297872340426
2023,OTHER,G238,1,940,0.0010638297872340426
2023,OTHER,G301,3,940,0.0031914893617021275
2023,OTHER,G309,15,940,0.015957446808510637
2023,OTHER,G311,13,940,0.013829787234042552
2023,OTHER,G312,2,940,0.002127659574468085
2023,OTHER,G35,2,940,0.002127659574468085
2023,OTHER,G409,1,940,0.0010638297872340426
2023,OTHER,G473,1,940,0.0010638297872340426
2023,OTHER,G700,1,940,0.0010638297872340426
2023,OTHER,G729,1,940,0.0010638297872340426
2023,OTHER,G801,1,940,0.0010638297872340426
2023,OTHER,G809,2,940,0.002127659574468085
2023,OTHER,G931,1,940,0.0010638297872340426
2023,OTHER,G934,9,940,0.009574468085106383
2023,OTHER,G939,1,940,0.0010638297872340426
2023,OTHER,K219,1,940,0.0010638297872340426
2023,OTHER,K223,1,940,0.0010638297872340426
2023,OTHER,K226,1,940,0.0010638297872340426
2023,OTHER,K298,1,940,0.0010638297872340426
2023,OTHER,K318,1,940,0.0010638297872340426
2023,OTHER,K509,1,940,0.0010638297872340426
2023,OTHER,K559,5,940,0.005319148936170213
2023,OTHER,K563,12,940,0.01276595744680851
2023,OTHER,K566,3,940,0.0031914893617021275
2023,OTHER,K567,1,940,0.0010638297872340426
2023,OTHER,K571,1,940,0.0010638297872340426
2023,OTHER,K579,4,940,0.00425531914893617
2023,OTHER,K629,1,940,0.0010638297872340426
2023,OTHER,K661,1,940,0.0010638297872340426
2023,OTHER,K750,1,940,0.0010638297872340426
2023,OTHER,K760,6,940,0.006382978723404255
2023,OTHER,K769,1,940,0.0010638297872340426
2023,OTHER,K851,1,940,0.0010638297872340426
2023,OTHER,K852,1,940,0.0010638297872340426
2023,OTHER,K859,37,940,0.039361702127659576
2023,OTHER,K861,1,940,0.0010638297872340426
2023,OTHER,L039,1,940,0.0010638297872340426
2023,OTHER,M199,3,940,0.0031914893617021275
2023,OTHER,M321,2,940,0.002127659574468085
2023,OTHER,M464,1,940,0.0010638297872340426
2023,OTHER,M471,1,940,0.0010638297872340426
2023,OTHER,M625,1,940,0.0010638297872340426
2023,OTHER,N052,1,940,0.0010638297872340426
2023,OTHER,N059,1,940,0.0010638297872340426
2023,OTHER,N133,1,940,0.0010638297872340426
2023,OTHER,N170,1,940,0.0010638297872340426
2023,OTHER,N179,4,940,0.00425531914893617
2023,OTHER,N19,1,940,0.0010638297872340426
2023,OTHER,N200,3,940,0.0031914893617021275
2023,OTHER,N321,2,940,0.002127659574468085
2023,OTHER,N390,7,940,0.007446808510638298
2023,OTHER,N40,1,940,0.0010638297872340426
2023,OTHER,N800,1,940,0.0010638297872340426
2023,OTHER,O961,1,940,0.0010638297872340426
2023,OTHER,Q042,1,940,0.0010638297872340426
2023,OTHER,Q049,1,940,0.0010638297872340426
2023,OTHER,Q059,1,940,0.0010638297872340426
2023,OTHER,Q878,1,940,0.0010638297872340426
2023,OTHER,Y600,1,940,0.0010638297872340426
2023,OTHER,Y831,1,940,0.0010638297872340426
2023,OTHER,Y836,1,940,0.0010638297872340426
2023,OTHER,Y846,1,940,0.0010638297872340426
2024,OTHER,D561,1,904,0.0011061946902654867
2024,OTHER,D571,1,904,0.0011061946902654867
2024,OTHER,D696,1,904,0.0011061946902654867
2024,OTHER,D70,1,904,0.0011061946902654867
2024,OTHER,D868,1,904,0.0011061946902654867
2024,OTHER,E041,1,904,0.0011061946902654867
2024,OTHER,E662,1,904,0.0011061946902654867
2024,OTHER,E668,5,904,0.0055309734513274336
2024,OTHER,E669,4,904,0.004424778761061947
2024,OTHER,E780,1,904,0.0011061946902654867
2024,OTHER,E785,11,904,0.012168141592920354
2024,OTHER,E789,1,904,0.0011061946902654867
2024,OTHER,E872,1,904,0.0011061946902654867
2024,OTHER,E877,1,904,0.0011061946902654867
2024,OTHER,E880,1,904,0.0011061946902654867
2024,OTHER,E889,5,904,0.0055309734513274336
2024,OTHER,F019,6,904,0.00663716814159292
2024,OTHER,F03,32,904,0.035398230088495575
2024,OTHER,F051,1,904,0.0011061946902654867
2024,OTHER,F059,3,904,0.00331858407079646
2024,OTHER,F101,1,904,0.0011061946902654867
2024,OTHER,F106,1,904,0.0011061946902654867
2024,OTHER,F151,2,904,0.0022123893805309734
2024,OTHER,F159,1,904,0.0011061946902654867
2024,OTHER,F410,1,904,0.0011061946902654867
2024,OTHER,F431,1,904,0.0011061946902654867
2024,OTHER,F439,1,904,0.0011061946902654867
2024,OTHER,G20,6,904,0.00663716814159292
2024,OTHER,G301,1,904,0.0011061946902654867
2024,OTHER,G309,14,904,0.015486725663716814
2024,OTHER,G311,5,904,0.0055309734513274336
2024,OTHER,G319,3,904,0.00331858407079646
2024,OTHER,G35,2,904,0.0022123893805309734
2024,OTHER,G406,1,904,0.0011061946902654867
2024,OTHER,G409,1,904,0.0011061946902654867
2024,OTHER,G709,1,904,0.0011061946902654867
2024,OTHER,G712,1,904,0.0011061946902654867
2024,OTHER,G934,2,904,0.0022123893805309734
2024,OTHER,G936,1,904,0.0011061946902654867
2024,OTHER,K20,1,904,0.0011061946902654867
2024,OTHER,K220,1,904,0.0011061946902654867
2024,OTHER,K297,1,904,0.0011061946902654867
2024,OTHER,K319,2,904,0.0022123893805309734
2024,OTHER,K509,1,904,0.0011061946902654867
2024,OTHER,K519,1,904,0.0011061946902654867
2024,OTHER,K551,1,904,0.0011061946902654867
2024,OTHER,K559,3,904,0.00331858407079646
2024,OTHER,K562,1,904,0.0011061946902654867
2024,OTHER,K563,11,904,0.012168141592920354
2024,OTHER,K565,1,904,0.0011061946902654867
2024,OTHER,K566,5,904,0.0055309734513274336
2024,OTHER,K567,1,904,0.0011061946902654867
2024,OTHER,K572,1,904,0.0011061946902654867
2024,OTHER,K578,2,904,0.0022123893805309734
2024,OTHER,K579,1,904,0.0011061946902654867
2024,OTHER,K590,1,904,0.0011061946902654867
2024,OTHER,K629,1,904,0.0011061946902654867
2024,OTHER,K638,1,904,0.0011061946902654867
2024,OTHER,K660,1,904,0.0011061946902654867
2024,OTHER,K720,1,904,0.0011061946902654867
2024,OTHER,K754,2,904,0.0022123893805309734
2024,OTHER,K760,4,904,0.004424778761061947
2024,OTHER,K763,1,904,0.0011061946902654867
2024,OTHER,K769,2,904,0.0022123893805309734
2024,OTHER,K851,1,904,0.0011061946902654867
2024,OTHER,K852,2,904,0.0022123893805309734
2024,OTHER,K859,36,904,0.03982300884955752
2024,OTHER,K861,1,904,0.0011061946902654867
2024,OTHER,K862,1,904,0.0011061946902654867
2024,OTHER,K869,2,904,0.0022123893805309734
2024,OTHER,K928,1,904,0.0011061946902654867
2024,OTHER,L039,1,904,0.0011061946902654867
2024,OTHER,L984,1,904,0.0011061946902654867
2024,OTHER,M053,1,904,0.0011061946902654867
2024,OTHER,M069,5,904,0.0055309734513274336
2024,OTHER,M321,1,904,0.0011061946902654867
2024,OTHER,M481,1,904,0.0011061946902654867
2024,OTHER,M622,1,904,0.0011061946902654867
2024,OTHER,M628,1,904,0.0011061946902654867
2024,OTHER,M726,1,904,0.0011061946902654867
2024,OTHER,N10,1,904,0.0011061946902654867
2024,OTHER,N119,1,904,0.0011061946902654867
2024,OTHER,N151,2,904,0.0022123893805309734
2024,OTHER,N179,3,904,0.00331858407079646
2024,OTHER,N185,6,904,0.00663716814159292
2024,OTHER,N189,5,904,0.0055309734513274336
2024,OTHER,N200,2,904,0.0022123893805309734
2024,OTHER,N26,2,904,0.0022123893805309734
2024,OTHER,N289,2,904,0.0022123893805309734
2024,OTHER,N390,4,904,0.004424778761061947
2024,OTHER,O961,2,904,0.0022123893805309734
2024,OTHER,Q858,1,904,0.0011061946902654867
2024,OTHER,Q909,1,904,0.0011061946902654867
2024,OTHER,Y434,1,904,0.0011061946902654867
2024,OTHER,Y466,1,904,0.0011061946902654867
