"panel","year","group","code","estimate","count"
"A",1999,"CIRCULATORY",NA,0.414465084423761,566
"A",1999,"DIABETES_NUTRITIONAL",NA,0.0371115461561087,47
"A",1999,"DIGESTIVE_OTHER",NA,0.0536714660387742,57
"A",1999,"EXTERNAL",NA,0.0209198199221848,26
"A",1999,"INFECTIOUS_PARASITIC",NA,0.0557548177420934,70
"A",1999,"NEOPLASMS",NA,0.153749214377098,191
"A",1999,"OTHER",NA,0.181628038336324,238
"A",1999,"OTHER_GALLBLADDER_BILIARY",NA,0.0140847122688309,19
"A",1999,"RESPIRATORY",NA,0.0686153007348246,89
"A",2000,"CIRCULATORY",NA,0.440273730225761,565
"A",2000,"DIABETES_NUTRITIONAL",NA,0.0399675297845098,47
"A",2000,"DIGESTIVE_OTHER",NA,0.0450920656971522,49
"A",2000,"EXTERNAL",NA,0.018136959390857,22
"A",2000,"INFECTIOUS_PARASITIC",NA,0.0554596590031437,66
"A",2000,"NEOPLASMS",NA,0.139873285105771,162
"A",2000,"OTHER",NA,0.169073552156025,211
"A",2000,"OTHER_GALLBLADDER_BILIARY",NA,0.0192682138598733,25
"A",2000,"RESPIRATORY",NA,0.0728550047769062,96
"A",2001,"CIRCULATORY",NA,0.3953196156844,504
"A",2001,"DIABETES_NUTRITIONAL",NA,0.0368426017637193,44
"A",2001,"DIGESTIVE_OTHER",NA,0.054204554966493,56
"A",2001,"EXTERNAL",NA,0.0148757749940998,18
"A",2001,"INFECTIOUS_PARASITIC",NA,0.0444643071344658,53
"A",2001,"NEOPLASMS",NA,0.146854123375746,186
"A",2001,"OTHER",NA,0.198297155876641,252
"A",2001,"OTHER_GALLBLADDER_BILIARY",NA,0.0220500829172149,26
"A",2001,"RESPIRATORY",NA,0.0870917832872203,112
"A",2002,"CIRCULATORY",NA,0.412761429181543,501
"A",2002,"DIABETES_NUTRITIONAL",NA,0.0349160598822161,39
"A",2002,"DIGESTIVE_OTHER",NA,0.05069143953401,52
"A",2002,"EXTERNAL",NA,0.0174838578777822,22
"A",2002,"INFECTIOUS_PARASITIC",NA,0.0495203230450293,58
"A",2002,"NEOPLASMS",NA,0.139828825244986,159
"A",2002,"OTHER",NA,0.201767143248365,244
"A",2002,"OTHER_GALLBLADDER_BILIARY",NA,0.0126749341526971,18
"A",2002,"RESPIRATORY",NA,0.0803559878333705,96
"A",2003,"CIRCULATORY",NA,0.365438895963212,437
"A",2003,"DIABETES_NUTRITIONAL",NA,0.0453668288355674,51
"A",2003,"DIGESTIVE_OTHER",NA,0.0613745345006989,64
"A",2003,"EXTERNAL",NA,0.0224666531593591,25
"A",2003,"INFECTIOUS_PARASITIC",NA,0.0438647823474064,47
"A",2003,"NEOPLASMS",NA,0.137202289104123,156
"A",2003,"OTHER",NA,0.207437660196346,239
"A",2003,"OTHER_GALLBLADDER_BILIARY",NA,0.0201670171489368,24
"A",2003,"RESPIRATORY",NA,0.0966813387443506,119
"A",2004,"CIRCULATORY",NA,0.386130962202359,419
"A",2004,"DIABETES_NUTRITIONAL",NA,0.038484037704908,40
"A",2004,"DIGESTIVE_OTHER",NA,0.0373406884771638,35
"A",2004,"EXTERNAL",NA,0.0246637078691895,24
"A",2004,"INFECTIOUS_PARASITIC",NA,0.0431685226703166,45
"A",2004,"NEOPLASMS",NA,0.136335765826475,140
"A",2004,"OTHER",NA,0.220430083101484,237
"A",2004,"OTHER_GALLBLADDER_BILIARY",NA,0.024763220841797,28
"A",2004,"RESPIRATORY",NA,0.0886830113063075,94
"A",2005,"CIRCULATORY",NA,0.360412245739344,389
"A",2005,"DIABETES_NUTRITIONAL",NA,0.0491479624466179,49
"A",2005,"DIGESTIVE_OTHER",NA,0.0456270988532522,42
"A",2005,"EXTERNAL",NA,0.0319616549076828,32
"A",2005,"INFECTIOUS_PARASITIC",NA,0.0454690535971587,47
"A",2005,"NEOPLASMS",NA,0.138897567173622,139
"A",2005,"OTHER",NA,0.211768622826053,222
"A",2005,"OTHER_GALLBLADDER_BILIARY",NA,0.0177491656726304,18
"A",2005,"RESPIRATORY",NA,0.0989666287836392,108
"A",2006,"CIRCULATORY",NA,0.356163452543848,333
"A",2006,"DIABETES_NUTRITIONAL",NA,0.0377170018364095,35
"A",2006,"DIGESTIVE_OTHER",NA,0.0637411551254295,54
"A",2006,"EXTERNAL",NA,0.0303092397414833,31
"A",2006,"INFECTIOUS_PARASITIC",NA,0.0525540400617916,47
"A",2006,"NEOPLASMS",NA,0.133566699275241,122
"A",2006,"OTHER",NA,0.219161303606609,219
"A",2006,"OTHER_GALLBLADDER_BILIARY",NA,0.0236450224562275,22
"A",2006,"RESPIRATORY",NA,0.0831420853529608,74
"A",2007,"CIRCULATORY",NA,0.334809244219245,290
"A",2007,"DIABETES_NUTRITIONAL",NA,0.0545273352748717,44
"A",2007,"DIGESTIVE_OTHER",NA,0.0494260146216134,37
"A",2007,"EXTERNAL",NA,0.0174112606340687,16
"A",2007,"INFECTIOUS_PARASITIC",NA,0.0656313329832762,54
"A",2007,"NEOPLASMS",NA,0.134967126955003,109
"A",2007,"OTHER",NA,0.239403172821603,208
"A",2007,"OTHER_GALLBLADDER_BILIARY",NA,0.0244714571832437,19
"A",2007,"RESPIRATORY",NA,0.0793530553070752,73
"A",2008,"CIRCULATORY",NA,0.333527870608828,307
"A",2008,"DIABETES_NUTRITIONAL",NA,0.0458086242604333,39
"A",2008,"DIGESTIVE_OTHER",NA,0.0444521368890765,35
"A",2008,"EXTERNAL",NA,0.0323551729481029,29
"A",2008,"INFECTIOUS_PARASITIC",NA,0.0580639699038579,48
"A",2008,"NEOPLASMS",NA,0.129311569618644,112
"A",2008,"OTHER",NA,0.252018348224844,235
"A",2008,"OTHER_GALLBLADDER_BILIARY",NA,0.0288169776497079,26
"A",2008,"RESPIRATORY",NA,0.0756453298965055,67
"A",2009,"CIRCULATORY",NA,0.311286820594941,268
"A",2009,"DIABETES_NUTRITIONAL",NA,0.0368079369701194,31
"A",2009,"DIGESTIVE_OTHER",NA,0.0450972296577076,34
"A",2009,"EXTERNAL",NA,0.0267162770147469,25
"A",2009,"INFECTIOUS_PARASITIC",NA,0.0601735708914529,49
"A",2009,"NEOPLASMS",NA,0.125308599168145,96
"A",2009,"OTHER",NA,0.276134278881337,235
"A",2009,"OTHER_GALLBLADDER_BILIARY",NA,0.0302429332697945,25
"A",2009,"RESPIRATORY",NA,0.0882323535517565,73
"A",2010,"CIRCULATORY",NA,0.321380961942009,257
"A",2010,"DIABETES_NUTRITIONAL",NA,0.029617788864824,23
"A",2010,"DIGESTIVE_OTHER",NA,0.0549868036399332,40
"A",2010,"EXTERNAL",NA,0.0324146493460931,25
"A",2010,"INFECTIOUS_PARASITIC",NA,0.0625688893309663,48
"A",2010,"NEOPLASMS",NA,0.112250880468582,84
"A",2010,"OTHER",NA,0.26689818563807,214
"A",2010,"OTHER_GALLBLADDER_BILIARY",NA,0.0285904308251523,22
"A",2010,"RESPIRATORY",NA,0.0912914099443707,73
"A",2011,"CIRCULATORY",NA,0.318655447849711,252
"A",2011,"DIABETES_NUTRITIONAL",NA,0.0384244382204811,30
"A",2011,"DIGESTIVE_OTHER",NA,0.037190339784587,31
"A",2011,"EXTERNAL",NA,0.0327014806014952,26
"A",2011,"INFECTIOUS_PARASITIC",NA,0.0720600484367106,56
"A",2011,"NEOPLASMS",NA,0.112665774397249,89
"A",2011,"OTHER",NA,0.273190908294376,228
"A",2011,"OTHER_GALLBLADDER_BILIARY",NA,0.0361812367681125,29
"A",2011,"RESPIRATORY",NA,0.0789303256472776,63
"A",2012,"CIRCULATORY",NA,0.328367755026506,241
"A",2012,"DIABETES_NUTRITIONAL",NA,0.0320537776438353,22
"A",2012,"DIGESTIVE_OTHER",NA,0.0306781462203626,23
"A",2012,"EXTERNAL",NA,0.0420324557051406,29
"A",2012,"INFECTIOUS_PARASITIC",NA,0.0685166819884409,48
"A",2012,"NEOPLASMS",NA,0.144431737304598,102
"A",2012,"OTHER",NA,0.238538085497218,175
"A",2012,"OTHER_GALLBLADDER_BILIARY",NA,0.0204259196526557,14
"A",2012,"RESPIRATORY",NA,0.0949554409612431,67
"A",2013,"CIRCULATORY",NA,0.31263930956045,237
"A",2013,"DIABETES_NUTRITIONAL",NA,0.0390402984348366,27
"A",2013,"DIGESTIVE_OTHER",NA,0.058775127213347,45
"A",2013,"EXTERNAL",NA,0.0302254730481843,26
"A",2013,"INFECTIOUS_PARASITIC",NA,0.065279631772645,47
"A",2013,"NEOPLASMS",NA,0.133269400583827,92
"A",2013,"OTHER",NA,0.258380413198239,204
"A",2013,"OTHER_GALLBLADDER_BILIARY",NA,0.0232782073228012,18
"A",2013,"RESPIRATORY",NA,0.07911213886567,57
"A",2014,"CIRCULATORY",NA,0.291401141163041,204
"A",2014,"DIABETES_NUTRITIONAL",NA,0.0373373313788445,25
"A",2014,"DIGESTIVE_OTHER",NA,0.0526332944321818,35
"A",2014,"EXTERNAL",NA,0.0370025287234727,28
"A",2014,"INFECTIOUS_PARASITIC",NA,0.0698285134283573,48
"A",2014,"NEOPLASMS",NA,0.133104965821523,89
"A",2014,"OTHER",NA,0.26610818978314,190
"A",2014,"OTHER_GALLBLADDER_BILIARY",NA,0.026528579833721,20
"A",2014,"RESPIRATORY",NA,0.0860554554357188,59
"A",2015,"CIRCULATORY",NA,0.278239254599216,196
"A",2015,"DIABETES_NUTRITIONAL",NA,0.0349097043513285,24
"A",2015,"DIGESTIVE_OTHER",NA,0.0685789725852126,44
"A",2015,"EXTERNAL",NA,0.0253289045617031,21
"A",2015,"INFECTIOUS_PARASITIC",NA,0.0588073628250449,41
"A",2015,"NEOPLASMS",NA,0.157253743451505,106
"A",2015,"OTHER",NA,0.245582713243954,171
"A",2015,"OTHER_GALLBLADDER_BILIARY",NA,0.0356866200208148,24
"A",2015,"RESPIRATORY",NA,0.0956127243612212,66
"A",2016,"CIRCULATORY",NA,0.276254549392187,194
"A",2016,"DIABETES_NUTRITIONAL",NA,0.0384279284589898,28
"A",2016,"DIGESTIVE_OTHER",NA,0.0585959731446857,43
"A",2016,"EXTERNAL",NA,0.0454669139209523,35
"A",2016,"INFECTIOUS_PARASITIC",NA,0.0583510374619621,41
"A",2016,"NEOPLASMS",NA,0.133783929926139,92
"A",2016,"OTHER",NA,0.275183201370615,198
"A",2016,"OTHER_GALLBLADDER_BILIARY",NA,0.0464732417416202,31
"A",2016,"RESPIRATORY",NA,0.0674632245828491,49
"A",2017,"CIRCULATORY",NA,0.270294751679705,187
"A",2017,"DIABETES_NUTRITIONAL",NA,0.0447248340099671,30
"A",2017,"DIGESTIVE_OTHER",NA,0.0585968323451482,38
"A",2017,"EXTERNAL",NA,0.0309139626707933,22
"A",2017,"INFECTIOUS_PARASITIC",NA,0.072769069641686,49
"A",2017,"NEOPLASMS",NA,0.143473953284936,96
"A",2017,"OTHER",NA,0.276116020670909,202
"A",2017,"OTHER_GALLBLADDER_BILIARY",NA,0.0315008098529947,24
"A",2017,"RESPIRATORY",NA,0.0716097658438609,47
"A",2018,"CIRCULATORY",NA,0.29911643898082,195
"A",2018,"DIABETES_NUTRITIONAL",NA,0.0256741321378586,17
"A",2018,"DIGESTIVE_OTHER",NA,0.039399000990443,26
"A",2018,"EXTERNAL",NA,0.0326817163254206,23
"A",2018,"INFECTIOUS_PARASITIC",NA,0.0662954501385921,42
"A",2018,"NEOPLASMS",NA,0.147377185203619,95
"A",2018,"OTHER",NA,0.275030085328845,180
"A",2018,"OTHER_GALLBLADDER_BILIARY",NA,0.0389189171484292,25
"A",2018,"RESPIRATORY",NA,0.0755070737459726,48
"A",2019,"CIRCULATORY",NA,0.274415254688229,204
"A",2019,"DIABETES_NUTRITIONAL",NA,0.0258938592159156,20
"A",2019,"DIGESTIVE_OTHER",NA,0.0625619666305142,43
"A",2019,"EXTERNAL",NA,0.0423599213369348,34
"A",2019,"INFECTIOUS_PARASITIC",NA,0.0554632047645313,42
"A",2019,"NEOPLASMS",NA,0.15171619402648,109
"A",2019,"OTHER",NA,0.279014451455656,210
"A",2019,"OTHER_GALLBLADDER_BILIARY",NA,0.034571308700109,27
"A",2019,"RESPIRATORY",NA,0.0740038391816294,56
"A",2020,"CIRCULATORY",NA,0.278948254545888,237
"A",2020,"DIABETES_NUTRITIONAL",NA,0.0319558992393599,28
"A",2020,"DIGESTIVE_OTHER",NA,0.0743417286825796,65
"A",2020,"EXTERNAL",NA,0.0337481548906621,30
"A",2020,"INFECTIOUS_PARASITIC",NA,0.102569399956464,87
"A",2020,"NEOPLASMS",NA,0.129418498620118,110
"A",2020,"OTHER",NA,0.269427147240724,230
"A",2020,"OTHER_GALLBLADDER_BILIARY",NA,0.0251043595789831,21
"A",2020,"RESPIRATORY",NA,0.0544865572452212,46
"A",2021,"CIRCULATORY",NA,0.235727720905114,201
"A",2021,"DIABETES_NUTRITIONAL",NA,0.034240739769589,29
"A",2021,"DIGESTIVE_OTHER",NA,0.0680981656829797,60
"A",2021,"EXTERNAL",NA,0.0282078553240207,25
"A",2021,"INFECTIOUS_PARASITIC",NA,0.136819106400531,116
"A",2021,"NEOPLASMS",NA,0.141668973676115,123
"A",2021,"OTHER",NA,0.263182061500982,228
"A",2021,"OTHER_GALLBLADDER_BILIARY",NA,0.0392281947897415,34
"A",2021,"RESPIRATORY",NA,0.0528271819509281,46
"A",2022,"CIRCULATORY",NA,0.249463368431314,238
"A",2022,"DIABETES_NUTRITIONAL",NA,0.0471961144513003,45
"A",2022,"DIGESTIVE_OTHER",NA,0.0521453434122548,55
"A",2022,"EXTERNAL",NA,0.028610586709646,30
"A",2022,"INFECTIOUS_PARASITIC",NA,0.105363548043019,103
"A",2022,"NEOPLASMS",NA,0.160215524689017,159
"A",2022,"OTHER",NA,0.269308438264909,260
"A",2022,"OTHER_GALLBLADDER_BILIARY",NA,0.0201999575849322,20
"A",2022,"RESPIRATORY",NA,0.0674971184136083,66
"A",2023,"CIRCULATORY",NA,0.218882708233208,208
"A",2023,"DIABETES_NUTRITIONAL",NA,0.0368984898534633,35
"A",2023,"DIGESTIVE_OTHER",NA,0.0553044657288686,53
"A",2023,"EXTERNAL",NA,0.033895564477534,34
"A",2023,"INFECTIOUS_PARASITIC",NA,0.0846236313574225,80
"A",2023,"NEOPLASMS",NA,0.191143965243445,177
"A",2023,"OTHER",NA,0.274020425196562,256
"A",2023,"OTHER_GALLBLADDER_BILIARY",NA,0.0295470044242732,28
"A",2023,"RESPIRATORY",NA,0.0756837454852231,69
"A",2024,"CIRCULATORY",NA,0.231155320109803,211
"A",2024,"DIABETES_NUTRITIONAL",NA,0.0505146922571344,46
"A",2024,"DIGESTIVE_OTHER",NA,0.0822640128023704,74
"A",2024,"EXTERNAL",NA,0.0273607799648465,27
"A",2024,"INFECTIOUS_PARASITIC",NA,0.055797542761775,50
"A",2024,"NEOPLASMS",NA,0.173725851282422,153
"A",2024,"OTHER",NA,0.29052724418942,264
"A",2024,"OTHER_GALLBLADDER_BILIARY",NA,0.022364732594527,20
"A",2024,"RESPIRATORY",NA,0.0662898240377021,59
"B",NA,"OTHER","K859",NA,580
"B",NA,"OTHER","F03",NA,533
"B",NA,"OTHER","G309",NA,531
"B",NA,"OTHER","K563",NA,277
"B",NA,"OTHER","K85",NA,253
"B",NA,"OTHER","N390",NA,168
"B",NA,"OTHER","E785",NA,123
"B",NA,"OTHER","K559",NA,119
"B",NA,"OTHER","G20",NA,117
"B",NA,"OTHER","E668",NA,102
"B",NA,"OTHER","K566",NA,100
"B",NA,"OTHER","N179",NA,94
"B",NA,"OTHER","N19",NA,86
"B",NA,"OTHER","N189",NA,83
"B",NA,"OTHER","E669",NA,82
"B",NA,"OTHER","F019",NA,68
"B",NA,"OTHER","K550",NA,59
"B",NA,"OTHER","K769",NA,59
"B",NA,"OTHER","K760",NA,53
"B",NA,"OTHER","G934",NA,45
